time,temperature_2m_mean (Â°C),rain_sum (mm)
2014-12-01,18.0,0.00
2014-12-02,16.4,0.00
2014-12-03,17.1,0.00
2014-12-04,17.3,0.00
2014-12-05,18.3,0.00
2014-12-06,18.3,0.00
2014-12-07,16.8,0.00
2014-12-08,16.5,0.00
2014-12-09,15.9,0.00
2014-12-10,15.7,0.00
2014-12-11,15.8,0.40
2014-12-12,16.7,0.00
2014-12-13,16.5,1.30
2014-12-14,16.0,0.00
2014-12-15,17.4,0.00
2014-12-16,18.1,0.00
2014-12-17,17.7,0.00
2014-12-18,18.1,0.00
2014-12-19,18.3,0.00
2014-12-20,18.4,0.00
2014-12-21,17.9,0.00
2014-12-22,17.0,0.00
2014-12-23,16.1,0.00
2014-12-24,15.3,0.00
2014-12-25,13.9,0.00
2014-12-26,15.6,0.00
2014-12-27,16.6,0.90
2014-12-28,17.6,0.50
2014-12-29,18.7,0.00
2014-12-30,19.1,0.00
2014-12-31,18.7,0.00
2015-01-01,17.9,0.20
2015-01-02,17.1,0.00
2015-01-03,16.4,0.20
2015-01-04,17.0,0.00
2015-01-05,15.5,0.00
2015-01-06,16.5,0.80
2015-01-07,17.0,0.20
2015-01-08,16.6,0.60
2015-01-09,15.7,2.50
2015-01-10,15.6,0.30
2015-01-11,16.8,0.00
2015-01-12,17.3,0.00
2015-01-13,17.3,0.00
2015-01-14,17.2,0.00
2015-01-15,18.1,0.00
2015-01-16,18.1,0.00
2015-01-17,18.0,0.00
2015-01-18,18.8,0.00
2015-01-19,18.7,0.00
2015-01-20,18.5,0.00
2015-01-21,18.6,0.00
2015-01-22,17.7,0.00
2015-01-23,17.5,0.00
2015-01-24,17.3,0.50
2015-01-25,16.4,1.30
2015-01-26,17.5,0.20
2015-01-27,19.2,0.00
2015-01-28,19.8,0.00
2015-01-29,20.1,0.00
2015-01-30,17.6,0.00
2015-01-31,17.1,0.00
2015-02-01,15.0,1.80
2015-02-02,14.7,2.60
2015-02-03,14.2,9.30
2015-02-04,15.1,0.00
2015-02-05,16.1,0.00
2015-02-06,16.2,0.00
2015-02-07,16.8,0.00
2015-02-08,18.4,0.00
2015-02-09,18.5,0.00
2015-02-10,17.4,0.00
2015-02-11,17.3,1.10
2015-02-12,16.8,1.60
2015-02-13,15.0,2.20
2015-02-14,14.9,0.70
2015-02-15,16.0,0.10
2015-02-16,17.3,0.00
2015-02-17,17.7,0.00
2015-02-18,19.5,0.00
2015-02-19,19.8,0.00
2015-02-20,19.4,0.00
2015-02-21,19.9,0.00
2015-02-22,20.4,0.00
2015-02-23,22.9,0.00
2015-02-24,21.1,0.00
2015-02-25,19.5,0.00
2015-02-26,19.4,0.00
2015-02-27,19.1,0.00
2015-02-28,19.7,0.00
2015-03-01,20.4,0.00
2015-03-02,20.6,0.00
2015-03-03,20.5,0.00
2015-03-04,19.2,0.00
2015-03-05,20.9,0.00
2015-03-06,20.9,0.00
2015-03-07,21.3,0.20
2015-03-08,20.8,0.00
2015-03-09,16.6,2.20
2015-03-10,14.5,6.90
2015-03-11,13.5,3.10
2015-03-12,15.2,0.60
2015-03-13,16.3,0.50
2015-03-14,13.9,18.00
2015-03-15,12.8,9.80
2015-03-16,13.4,34.80
2015-03-17,16.2,9.00
2015-03-18,16.3,0.00
2015-03-19,16.7,1.10
2015-03-20,16.9,0.70
2015-03-21,17.6,0.80
2015-03-22,18.4,0.00
2015-03-23,19.3,0.00
2015-03-24,19.6,0.00
2015-03-25,19.1,2.00
2015-03-26,19.7,0.00
2015-03-27,19.9,0.00
2015-03-28,19.7,0.00
2015-03-29,20.6,0.00
2015-03-30,20.9,0.00
2015-03-31,20.7,0.00
2015-04-01,21.4,0.00
2015-04-02,21.9,0.00
2015-04-03,22.5,0.00
2015-04-04,23.5,0.00
2015-04-05,22.7,0.00
2015-04-06,23.2,0.10
2015-04-07,23.4,0.00
2015-04-08,23.4,0.30
2015-04-09,23.3,0.00
2015-04-10,22.8,2.50
2015-04-11,21.8,2.20
2015-04-12,21.6,0.00
2015-04-13,21.3,0.00
2015-04-14,20.9,1.20
2015-04-15,21.5,0.00
2015-04-16,21.9,0.00
2015-04-17,22.1,0.30
2015-04-18,21.9,0.00
2015-04-19,21.9,0.00
2015-04-20,22.9,0.00
2015-04-21,23.7,0.00
2015-04-22,24.1,0.00
2015-04-23,22.8,1.60
2015-04-24,22.9,0.00
2015-04-25,22.8,0.00
2015-04-26,22.9,0.30
2015-04-27,22.6,0.00
2015-04-28,22.9,0.00
2015-04-29,19.8,2.90
2015-04-30,20.7,0.00
2015-05-01,21.5,0.00
2015-05-02,22.0,0.00
2015-05-03,22.0,0.00
2015-05-04,22.3,0.00
2015-05-05,23.3,0.00
2015-05-06,23.4,0.40
2015-05-07,24.6,0.00
2015-05-08,25.2,0.00
2015-05-09,25.7,0.00
2015-05-10,25.1,0.00
2015-05-11,24.2,2.20
2015-05-12,23.3,4.10
2015-05-13,21.7,5.10
2015-05-14,23.0,0.00
2015-05-15,23.1,0.00
2015-05-16,22.8,0.00
2015-05-17,23.6,0.00
2015-05-18,24.6,0.00
2015-05-19,23.8,0.70
2015-05-20,24.3,0.00
2015-05-21,24.3,0.10
2015-05-22,23.9,4.20
2015-05-23,22.8,1.70
2015-05-24,22.3,1.00
2015-05-25,23.4,0.00
2015-05-26,24.6,0.00
2015-05-27,25.2,0.00
2015-05-28,24.5,0.70
2015-05-29,23.0,5.00
2015-05-30,20.6,14.80
2015-05-31,21.3,5.10
2015-06-01,22.6,0.00
2015-06-02,22.6,2.50
2015-06-03,22.8,1.60
2015-06-04,23.4,0.10
2015-06-05,22.9,0.20
2015-06-06,23.4,0.00
2015-06-07,23.7,0.00
2015-06-08,23.9,5.40
2015-06-09,23.9,0.00
2015-06-10,23.6,1.80
2015-06-11,23.1,10.00
2015-06-12,22.8,12.00
2015-06-13,23.5,6.30
2015-06-14,23.4,2.60
2015-06-15,20.9,22.50
2015-06-16,21.2,17.10
2015-06-17,21.7,0.90
2015-06-18,22.4,4.30
2015-06-19,20.4,14.90
2015-06-20,20.1,12.00
2015-06-21,21.5,1.80
2015-06-22,22.6,2.60
2015-06-23,21.2,21.10
2015-06-24,21.1,8.50
2015-06-25,20.7,9.10
2015-06-26,21.0,6.80
2015-06-27,21.5,5.80
2015-06-28,20.3,11.60
2015-06-29,20.2,14.90
2015-06-30,21.2,2.10
2015-07-01,21.5,0.60
2015-07-02,21.3,0.00
2015-07-03,20.3,10.30
2015-07-04,19.9,5.40
2015-07-05,20.9,0.50
2015-07-06,21.6,11.90
2015-07-07,20.5,10.00
2015-07-08,19.4,14.60
2015-07-09,19.8,17.00
2015-07-10,20.0,0.30
2015-07-11,21.0,0.50
2015-07-12,21.1,0.50
2015-07-13,20.4,1.70
2015-07-14,20.6,0.00
2015-07-15,20.9,0.00
2015-07-16,21.2,4.40
2015-07-17,20.6,2.30
2015-07-18,21.0,0.40
2015-07-19,21.1,13.70
2015-07-20,20.6,9.30
2015-07-21,20.1,12.80
2015-07-22,20.5,5.50
2015-07-23,21.2,1.80
2015-07-24,21.3,6.90
2015-07-25,21.2,2.40
2015-07-26,21.4,7.20
2015-07-27,21.4,5.40
2015-07-28,21.6,2.00
2015-07-29,22.6,0.00
2015-07-30,22.7,0.00
2015-07-31,22.8,0.50
2015-08-01,22.1,1.50
2015-08-02,21.4,11.00
2015-08-03,21.1,3.50
2015-08-04,21.4,1.70
2015-08-05,22.6,1.30
2015-08-06,21.3,8.80
2015-08-07,21.6,3.80
2015-08-08,21.6,2.60
2015-08-09,21.6,0.40
2015-08-10,22.2,8.30
2015-08-11,22.2,0.00
2015-08-12,22.0,0.00
2015-08-13,21.6,0.60
2015-08-14,21.8,1.90
2015-08-15,22.6,0.00
2015-08-16,20.9,10.80
2015-08-17,20.2,7.90
2015-08-18,20.4,2.60
2015-08-19,20.7,2.70
2015-08-20,21.0,2.40
2015-08-21,21.8,1.50
2015-08-22,21.6,5.40
2015-08-23,19.8,6.60
2015-08-24,20.9,11.80
2015-08-25,21.4,1.00
2015-08-26,20.6,5.30
2015-08-27,21.6,0.00
2015-08-28,22.5,0.00
2015-08-29,22.5,0.00
2015-08-30,22.1,0.00
2015-08-31,20.9,1.60
2015-09-01,21.1,5.80
2015-09-02,21.2,8.20
2015-09-03,21.3,4.80
2015-09-04,21.3,6.80
2015-09-05,21.0,10.30
2015-09-06,21.1,2.30
2015-09-07,21.3,0.80
2015-09-08,20.9,2.10
2015-09-09,21.8,2.30
2015-09-10,20.9,17.20
2015-09-11,20.1,6.80
2015-09-12,20.7,0.00
2015-09-13,19.9,11.60
2015-09-14,20.5,8.40
2015-09-15,20.7,14.20
2015-09-16,20.9,6.50
2015-09-17,20.7,9.90
2015-09-18,20.9,6.90
2015-09-19,20.9,7.70
2015-09-20,20.5,17.60
2015-09-21,21.5,0.00
2015-09-22,22.6,0.00
2015-09-23,21.7,0.00
2015-09-24,22.2,0.10
2015-09-25,21.8,0.00
2015-09-26,20.8,0.00
2015-09-27,20.6,0.00
2015-09-28,21.4,0.00
2015-09-29,21.1,0.00
2015-09-30,21.3,0.00
2015-10-01,21.3,0.00
2015-10-02,21.4,0.00
2015-10-03,20.4,0.00
2015-10-04,18.9,3.30
2015-10-05,20.3,1.70
2015-10-06,20.9,7.10
2015-10-07,20.7,2.10
2015-10-08,20.7,0.50
2015-10-09,20.2,7.40
2015-10-10,20.0,0.60
2015-10-11,21.0,0.00
2015-10-12,21.4,0.00
2015-10-13,22.0,0.00
2015-10-14,22.0,0.10
2015-10-15,21.3,0.00
2015-10-16,20.1,0.00
2015-10-17,20.4,0.00
2015-10-18,20.1,0.00
2015-10-19,20.7,0.00
2015-10-20,21.3,0.00
2015-10-21,22.4,0.00
2015-10-22,21.1,2.60
2015-10-23,18.1,46.60
2015-10-24,18.8,11.30
2015-10-25,19.4,0.00
2015-10-26,19.4,0.00
2015-10-27,19.9,0.30
2015-10-28,20.1,1.40
2015-10-29,19.4,6.60
2015-10-30,18.0,6.40
2015-10-31,18.5,1.70
2015-11-01,18.1,0.00
2015-11-02,18.0,0.00
2015-11-03,19.1,0.00
2015-11-04,19.3,0.00
2015-11-05,20.3,0.00
2015-11-06,20.4,0.10
2015-11-07,20.7,0.00
2015-11-08,21.2,0.00
2015-11-09,20.8,0.00
2015-11-10,21.7,0.00
2015-11-11,21.3,0.00
2015-11-12,21.0,0.00
2015-11-13,19.8,0.00
2015-11-14,20.1,0.00
2015-11-15,19.9,0.00
2015-11-16,21.2,0.00
2015-11-17,19.5,0.00
2015-11-18,20.2,0.00
2015-11-19,20.5,0.00
2015-11-20,20.6,0.00
2015-11-21,21.9,0.00
2015-11-22,21.2,0.00
2015-11-23,20.1,0.00
2015-11-24,20.8,0.00
2015-11-25,20.5,0.90
2015-11-26,18.8,3.70
2015-11-27,17.9,8.70
2015-11-28,18.5,1.10
2015-11-29,20.0,0.00
2015-11-30,20.7,0.00
2015-12-01,19.5,0.00
2015-12-02,19.2,0.00
2015-12-03,17.8,1.40
2015-12-04,16.9,0.20
2015-12-05,18.4,0.00
2015-12-06,17.9,0.00
2015-12-07,17.2,0.00
2015-12-08,18.5,0.00
2015-12-09,19.5,0.00
2015-12-10,19.1,0.00
2015-12-11,17.8,1.90
2015-12-12,15.8,16.50
2015-12-13,17.0,6.30
2015-12-14,16.5,0.00
2015-12-15,16.1,0.00
2015-12-16,15.9,0.00
2015-12-17,17.0,0.00
2015-12-18,15.9,0.00
2015-12-19,16.0,0.00
2015-12-20,18.5,0.00
2015-12-21,19.5,0.00
2015-12-22,18.7,0.00
2015-12-23,18.1,0.00
2015-12-24,17.4,0.00
2015-12-25,18.4,0.00
2015-12-26,17.9,0.00
2015-12-27,16.3,0.00
2015-12-28,16.2,0.00
2015-12-29,16.5,0.30
2015-12-30,19.5,0.00
2015-12-31,19.5,0.00
2016-01-01,20.5,0.00
2016-01-02,18.7,1.70
2016-01-03,18.4,0.00
2016-01-04,17.0,0.00
2016-01-05,16.9,0.00
2016-01-06,15.7,0.00
2016-01-07,15.0,0.00
2016-01-08,14.7,0.00
2016-01-09,14.8,0.00
2016-01-10,16.1,0.00
2016-01-11,15.5,0.00
2016-01-12,16.1,0.00
2016-01-13,14.3,4.10
2016-01-14,14.9,0.00
2016-01-15,15.0,0.00
2016-01-16,15.9,0.00
2016-01-17,14.9,0.00
2016-01-18,16.0,0.00
2016-01-19,15.1,0.00
2016-01-20,16.8,0.00
2016-01-21,17.6,0.00
2016-01-22,16.1,0.00
2016-01-23,16.4,0.00
2016-01-24,17.0,0.00
2016-01-25,16.2,0.00
2016-01-26,15.5,0.00
2016-01-27,14.1,0.00
2016-01-28,12.8,0.00
2016-01-29,14.7,0.00
2016-01-30,17.0,0.00
2016-01-31,18.0,0.00
2016-02-01,18.6,0.00
2016-02-02,17.9,0.00
2016-02-03,17.7,0.00
2016-02-04,18.2,0.00
2016-02-05,16.2,0.00
2016-02-06,18.2,0.00
2016-02-07,17.6,0.00
2016-02-08,17.3,0.00
2016-02-09,17.1,0.50
2016-02-10,16.0,0.10
2016-02-11,17.3,0.00
2016-02-12,18.1,0.00
2016-02-13,17.5,0.00
2016-02-14,17.2,0.00
2016-02-15,19.7,0.00
2016-02-16,20.4,0.00
2016-02-17,21.5,0.00
2016-02-18,19.6,0.00
2016-02-19,21.3,0.00
2016-02-20,21.4,0.00
2016-02-21,21.4,0.00
2016-02-22,20.6,0.00
2016-02-23,19.6,0.00
2016-02-24,20.0,0.00
2016-02-25,20.3,0.00
2016-02-26,19.3,3.10
2016-02-27,18.0,0.50
2016-02-28,18.7,0.00
2016-02-29,19.7,0.00
2016-03-01,19.8,0.00
2016-03-02,20.2,0.00
2016-03-03,21.0,0.00
2016-03-04,20.7,0.00
2016-03-05,21.0,0.00
2016-03-06,20.8,0.00
2016-03-07,20.0,0.00
2016-03-08,17.5,0.70
2016-03-09,10.8,9.90
2016-03-10,9.8,2.60
2016-03-11,14.1,0.00
2016-03-12,17.2,0.00
2016-03-13,18.8,0.00
2016-03-14,20.6,0.00
2016-03-15,21.1,0.00
2016-03-16,21.0,0.00
2016-03-17,20.5,1.30
2016-03-18,19.8,0.00
2016-03-19,19.3,0.00
2016-03-20,18.9,0.00
2016-03-21,19.0,0.00
2016-03-22,20.4,0.10
2016-03-23,19.1,5.70
2016-03-24,21.0,0.00
2016-03-25,20.7,0.00
2016-03-26,21.0,0.00
2016-03-27,22.1,0.00
2016-03-28,23.1,0.00
2016-03-29,22.8,0.00
2016-03-30,22.5,0.00
2016-03-31,22.7,0.00
2016-04-01,21.5,0.00
2016-04-02,21.9,0.00
2016-04-03,23.0,0.00
2016-04-04,23.4,0.00
2016-04-05,23.5,0.00
2016-04-06,24.0,0.00
2016-04-07,24.5,0.00
2016-04-08,24.5,0.00
2016-04-09,24.2,0.00
2016-04-10,23.8,0.00
2016-04-11,23.9,0.00
2016-04-12,23.6,0.00
2016-04-13,24.1,0.00
2016-04-14,25.2,0.00
2016-04-15,24.1,0.00
2016-04-16,23.5,0.00
2016-04-17,23.7,0.00
2016-04-18,23.7,0.00
2016-04-19,23.2,0.60
2016-04-20,22.1,1.80
2016-04-21,22.4,0.00
2016-04-22,22.0,0.00
2016-04-23,21.9,0.00
2016-04-24,21.9,0.00
2016-04-25,21.7,0.00
2016-04-26,21.3,0.00
2016-04-27,22.7,0.00
2016-04-28,23.7,0.00
2016-04-29,22.8,0.00
2016-04-30,23.1,0.00
2016-05-01,23.5,0.00
2016-05-02,25.1,0.00
2016-05-03,25.8,0.00
2016-05-04,25.4,0.00
2016-05-05,25.1,0.00
2016-05-06,25.3,0.00
2016-05-07,25.8,0.00
2016-05-08,25.1,0.20
2016-05-09,23.8,0.20
2016-05-10,24.3,0.60
2016-05-11,24.5,1.70
2016-05-12,23.1,5.80
2016-05-13,24.2,0.30
2016-05-14,23.8,0.00
2016-05-15,23.7,0.10
2016-05-16,23.6,0.00
2016-05-17,24.2,0.00
2016-05-18,24.6,0.00
2016-05-19,24.9,0.00
2016-05-20,25.6,0.00
2016-05-21,26.1,0.00
2016-05-22,25.9,0.00
2016-05-23,25.9,0.00
2016-05-24,26.3,0.00
2016-05-25,26.7,0.00
2016-05-26,25.9,0.00
2016-05-27,25.9,0.00
2016-05-28,25.8,0.00
2016-05-29,26.6,0.00
2016-05-30,26.3,0.10
2016-05-31,25.4,0.00
2016-06-01,25.3,0.20
2016-06-02,24.9,0.00
2016-06-03,25.0,0.00
2016-06-04,25.9,0.40
2016-06-05,25.4,0.00
2016-06-06,23.6,0.50
2016-06-07,23.8,0.00
2016-06-08,23.4,0.10
2016-06-09,23.5,0.20
2016-06-10,23.8,0.00
2016-06-11,24.8,0.00
2016-06-12,23.1,4.60
2016-06-13,22.5,6.30
2016-06-14,22.5,10.10
2016-06-15,22.0,8.00
2016-06-16,22.5,1.90
2016-06-17,22.7,1.50
2016-06-18,23.5,0.00
2016-06-19,22.4,0.50
2016-06-20,22.3,5.20
2016-06-21,21.6,10.90
2016-06-22,22.0,1.00
2016-06-23,21.7,1.10
2016-06-24,22.0,1.00
2016-06-25,22.5,5.30
2016-06-26,22.5,13.70
2016-06-27,20.8,14.90
2016-06-28,21.8,3.60
2016-06-29,22.2,4.60
2016-06-30,22.1,3.10
2016-07-01,21.6,3.80
2016-07-02,21.7,6.00
2016-07-03,22.6,2.80
2016-07-04,20.5,29.50
2016-07-05,20.3,6.20
2016-07-06,20.6,8.30
2016-07-07,21.6,8.00
2016-07-08,22.3,1.20
2016-07-09,22.3,3.50
2016-07-10,22.8,0.60
2016-07-11,21.7,4.90
2016-07-12,20.3,7.10
2016-07-13,21.1,0.50
2016-07-14,20.8,8.40
2016-07-15,20.8,9.50
2016-07-16,20.5,1.80
2016-07-17,20.2,10.30
2016-07-18,20.3,13.20
2016-07-19,21.8,1.80
2016-07-20,21.0,4.80
2016-07-21,20.3,10.50
2016-07-22,20.6,7.90
2016-07-23,20.2,11.30
2016-07-24,20.7,3.00
2016-07-25,21.2,4.80
2016-07-26,21.1,5.00
2016-07-27,21.3,4.60
2016-07-28,19.9,6.40
2016-07-29,20.5,4.70
2016-07-30,20.9,17.10
2016-07-31,20.4,14.80
2016-08-01,20.5,6.70
2016-08-02,21.1,5.40
2016-08-03,22.1,2.90
2016-08-04,22.1,5.90
2016-08-05,23.2,0.10
2016-08-06,21.8,1.50
2016-08-07,20.8,5.90
2016-08-08,20.6,6.70
2016-08-09,21.0,3.10
2016-08-10,21.5,0.30
2016-08-11,21.3,3.10
2016-08-12,21.2,4.40
2016-08-13,21.9,0.00
2016-08-14,21.9,5.30
2016-08-15,21.5,10.70
2016-08-16,21.8,1.40
2016-08-17,20.4,19.70
2016-08-18,20.3,10.20
2016-08-19,20.9,4.30
2016-08-20,20.3,3.20
2016-08-21,20.5,15.00
2016-08-22,20.3,13.50
2016-08-23,20.6,0.50
2016-08-24,19.7,17.40
2016-08-25,19.5,7.90
2016-08-26,20.4,1.70
2016-08-27,20.6,7.60
2016-08-28,20.7,11.20
2016-08-29,20.6,3.40
2016-08-30,20.7,9.10
2016-08-31,21.9,0.40
2016-09-01,21.5,27.50
2016-09-02,21.5,4.50
2016-09-03,21.6,2.00
2016-09-04,20.7,4.00
2016-09-05,18.3,5.80
2016-09-06,19.9,0.00
2016-09-07,20.6,6.00
2016-09-08,20.7,0.00
2016-09-09,20.9,2.20
2016-09-10,21.4,0.00
2016-09-11,22.0,0.30
2016-09-12,20.9,0.30
2016-09-13,21.0,5.90
2016-09-14,22.7,0.00
2016-09-15,22.7,0.00
2016-09-16,22.7,0.00
2016-09-17,21.5,2.40
2016-09-18,21.0,6.10
2016-09-19,21.8,3.50
2016-09-20,21.8,4.50
2016-09-21,21.1,0.00
2016-09-22,20.5,0.30
2016-09-23,19.6,1.20
2016-09-24,19.9,0.00
2016-09-25,20.2,0.00
2016-09-26,21.0,8.30
2016-09-27,20.6,10.50
2016-09-28,20.3,8.50
2016-09-29,20.3,10.20
2016-09-30,19.8,12.20
2016-10-01,20.1,11.60
2016-10-02,20.4,11.50
2016-10-03,20.5,3.70
2016-10-04,21.4,0.10
2016-10-05,21.2,0.30
2016-10-06,21.7,0.60
2016-10-07,21.8,0.70
2016-10-08,21.2,0.00
2016-10-09,20.7,0.00
2016-10-10,20.1,0.00
2016-10-11,20.5,0.00
2016-10-12,22.1,0.00
2016-10-13,22.2,0.20
2016-10-14,21.4,0.00
2016-10-15,21.6,2.00
2016-10-16,21.4,0.00
2016-10-17,20.2,3.50
2016-10-18,20.1,0.00
2016-10-19,20.7,1.60
2016-10-20,21.3,0.00
2016-10-21,19.7,0.00
2016-10-22,19.6,2.00
2016-10-23,20.8,0.00
2016-10-24,21.4,0.00
2016-10-25,21.1,0.10
2016-10-26,21.4,0.80
2016-10-27,19.9,0.00
2016-10-28,19.0,0.00
2016-10-29,18.9,0.00
2016-10-30,19.3,0.00
2016-10-31,19.6,0.20
2016-11-01,21.0,0.00
2016-11-02,22.2,0.20
2016-11-03,22.5,0.00
2016-11-04,20.6,0.00
2016-11-05,21.0,0.00
2016-11-06,20.8,0.00
2016-11-07,20.4,0.00
2016-11-08,19.5,12.60
2016-11-09,17.5,8.20
2016-11-10,16.8,0.90
2016-11-11,17.2,0.80
2016-11-12,16.2,11.50
2016-11-13,15.7,15.20
2016-11-14,18.1,0.00
2016-11-15,18.2,0.00
2016-11-16,18.6,0.00
2016-11-17,19.1,0.00
2016-11-18,19.0,0.00
2016-11-19,17.6,0.00
2016-11-20,16.9,0.00
2016-11-21,17.0,0.00
2016-11-22,18.3,0.00
2016-11-23,19.1,0.00
2016-11-24,17.9,0.00
2016-11-25,18.2,0.00
2016-11-26,16.1,0.00
2016-11-27,16.3,0.00
2016-11-28,17.8,0.00
2016-11-29,17.8,0.00
2016-11-30,18.3,0.00
2016-12-01,18.5,0.10
2016-12-02,19.0,0.00
2016-12-03,17.9,0.00
2016-12-04,17.1,0.10
2016-12-05,15.7,0.00
2016-12-06,15.9,0.00
2016-12-07,17.1,0.00
2016-12-08,18.9,0.00
2016-12-09,18.5,0.20
2016-12-10,18.1,0.00
2016-12-11,19.6,0.00
2016-12-12,19.7,0.00
2016-12-13,19.2,0.00
2016-12-14,19.1,0.00
2016-12-15,18.6,0.00
2016-12-16,19.6,0.00
2016-12-17,18.9,0.00
2016-12-18,19.0,0.00
2016-12-19,18.9,0.00
2016-12-20,18.6,0.00
2016-12-21,18.4,0.00
2016-12-22,20.1,0.00
2016-12-23,18.9,0.00
2016-12-24,19.6,0.00
2016-12-25,18.8,0.00
2016-12-26,19.2,0.00
2016-12-27,20.0,0.00
2016-12-28,19.1,0.00
2016-12-29,19.8,0.00
2016-12-30,18.7,0.00
2016-12-31,18.6,0.20
2017-01-01,17.4,0.00
2017-01-02,17.7,0.00
2017-01-03,18.3,0.00
2017-01-04,18.2,0.00
2017-01-05,19.3,0.00
2017-01-06,18.8,0.00
2017-01-07,18.5,0.00
2017-01-08,15.8,0.00
2017-01-09,15.8,0.00
2017-01-10,15.6,0.00
2017-01-11,16.5,0.00
2017-01-12,16.8,0.00
2017-01-13,17.3,0.00
2017-01-14,16.9,0.00
2017-01-15,17.2,0.00
2017-01-16,17.2,0.00
2017-01-17,16.8,0.00
2017-01-18,16.6,0.00
2017-01-19,16.5,0.00
2017-01-20,16.4,0.00
2017-01-21,15.8,0.00
2017-01-22,16.4,0.00
2017-01-23,17.2,0.00
2017-01-24,17.4,0.00
2017-01-25,16.8,0.00
2017-01-26,17.3,0.00
2017-01-27,17.8,0.00
2017-01-28,17.1,0.00
2017-01-29,15.1,0.00
2017-01-30,15.3,0.00
2017-01-31,14.9,1.10
2017-02-01,15.7,0.40
2017-02-02,17.1,0.00
2017-02-03,18.2,0.00
2017-02-04,18.0,0.00
2017-02-05,19.0,0.00
2017-02-06,19.0,0.00
2017-02-07,18.7,0.00
2017-02-08,19.7,0.00
2017-02-09,19.7,0.00
2017-02-10,19.3,0.00
2017-02-11,19.6,0.00
2017-02-12,19.8,0.20
2017-02-13,19.4,0.80
2017-02-14,18.0,0.00
2017-02-15,16.8,0.00
2017-02-16,16.2,0.40
2017-02-17,15.9,0.00
2017-02-18,16.6,0.10
2017-02-19,16.2,2.20
2017-02-20,16.2,0.00
2017-02-21,18.2,0.00
2017-02-22,19.1,0.00
2017-02-23,18.2,0.00
2017-02-24,18.0,0.00
2017-02-25,18.4,0.00
2017-02-26,19.5,0.00
2017-02-27,19.9,0.00
2017-02-28,20.5,0.00
2017-03-01,20.8,0.00
2017-03-02,20.8,0.00
2017-03-03,20.1,1.00
2017-03-04,19.1,0.70
2017-03-05,19.7,0.00
2017-03-06,20.6,0.00
2017-03-07,20.9,0.20
2017-03-08,21.0,0.70
2017-03-09,19.5,1.80
2017-03-10,19.9,0.00
2017-03-11,19.6,0.00
2017-03-12,17.5,1.50
2017-03-13,18.3,0.00
2017-03-14,18.7,0.00
2017-03-15,19.3,0.00
2017-03-16,20.0,0.00
2017-03-17,20.5,0.40
2017-03-18,21.1,0.00
2017-03-19,20.9,0.00
2017-03-20,21.6,0.00
2017-03-21,22.6,0.00
2017-03-22,22.8,0.00
2017-03-23,23.3,0.00
2017-03-24,22.0,0.00
2017-03-25,21.0,0.10
2017-03-26,20.6,1.30
2017-03-27,21.3,0.00
2017-03-28,21.6,0.00
2017-03-29,20.9,0.00
2017-03-30,20.5,0.00
2017-03-31,20.8,0.00
2017-04-01,20.5,0.00
2017-04-02,20.7,0.00
2017-04-03,20.6,0.00
2017-04-04,20.8,0.00
2017-04-05,23.0,0.00
2017-04-06,23.9,0.00
2017-04-07,23.8,0.00
2017-04-08,24.8,0.00
2017-04-09,23.3,0.00
2017-04-10,23.6,0.00
2017-04-11,23.5,0.00
2017-04-12,23.0,0.00
2017-04-13,23.1,0.00
2017-04-14,22.4,0.00
2017-04-15,22.7,0.00
2017-04-16,22.9,0.10
2017-04-17,22.2,0.00
2017-04-18,21.6,0.00
2017-04-19,22.0,0.00
2017-04-20,22.2,0.00
2017-04-21,22.7,0.00
2017-04-22,22.6,0.00
2017-04-23,23.4,0.00
2017-04-24,22.9,0.00
2017-04-25,22.4,0.00
2017-04-26,22.1,0.00
2017-04-27,22.3,0.00
2017-04-28,21.7,0.00
2017-04-29,22.1,0.00
2017-04-30,22.7,0.00
2017-05-01,23.9,0.00
2017-05-02,24.3,0.00
2017-05-03,24.2,0.00
2017-05-04,24.1,0.00
2017-05-05,24.0,0.00
2017-05-06,24.1,0.10
2017-05-07,23.3,0.00
2017-05-08,23.4,0.00
2017-05-09,23.4,0.00
2017-05-10,24.0,0.00
2017-05-11,25.2,0.00
2017-05-12,25.0,0.00
2017-05-13,24.2,0.30
2017-05-14,24.3,0.00
2017-05-15,25.3,0.00
2017-05-16,25.7,0.00
2017-05-17,25.5,0.00
2017-05-18,25.3,0.00
2017-05-19,25.8,0.00
2017-05-20,26.5,0.00
2017-05-21,26.4,0.00
2017-05-22,26.1,0.00
2017-05-23,25.1,0.00
2017-05-24,25.0,0.00
2017-05-25,24.4,0.20
2017-05-26,25.5,0.40
2017-05-27,25.7,0.00
2017-05-28,25.8,0.00
2017-05-29,25.0,0.00
2017-05-30,24.5,1.90
2017-05-31,24.2,0.80
2017-06-01,24.1,0.10
2017-06-02,24.9,0.00
2017-06-03,24.7,0.00
2017-06-04,25.0,0.00
2017-06-05,24.8,0.00
2017-06-06,25.9,0.00
2017-06-07,24.7,0.40
2017-06-08,24.6,1.90
2017-06-09,24.1,3.40
2017-06-10,22.5,7.90
2017-06-11,23.7,2.50
2017-06-12,24.8,0.10
2017-06-13,26.1,0.00
2017-06-14,26.0,0.10
2017-06-15,25.3,2.70
2017-06-16,24.3,0.90
2017-06-17,25.5,0.30
2017-06-18,25.0,2.90
2017-06-19,25.6,0.00
2017-06-20,25.7,0.00
2017-06-21,25.8,0.00
2017-06-22,24.8,1.30
2017-06-23,24.2,0.60
2017-06-24,24.4,0.10
2017-06-25,22.7,2.20
2017-06-26,21.5,0.70
2017-06-27,22.2,0.10
2017-06-28,21.3,6.90
2017-06-29,21.3,2.50
2017-06-30,21.3,2.50
2017-07-01,20.8,10.40
2017-07-02,20.9,2.10
2017-07-03,20.5,7.80
2017-07-04,21.1,8.90
2017-07-05,21.7,3.30
2017-07-06,21.6,8.30
2017-07-07,22.0,0.00
2017-07-08,20.8,11.80
2017-07-09,19.5,12.50
2017-07-10,19.5,9.00
2017-07-11,19.4,18.50
2017-07-12,19.5,10.40
2017-07-13,19.8,2.40
2017-07-14,20.6,4.20
2017-07-15,21.5,3.50
2017-07-16,21.0,0.60
2017-07-17,20.3,3.80
2017-07-18,19.8,13.10
2017-07-19,20.5,1.90
2017-07-20,20.4,2.80
2017-07-21,20.2,9.70
2017-07-22,20.1,8.90
2017-07-23,20.4,2.40
2017-07-24,20.4,10.50
2017-07-25,20.6,8.50
2017-07-26,19.6,6.80
2017-07-27,20.3,0.20
2017-07-28,20.2,3.30
2017-07-29,20.4,2.50
2017-07-30,21.4,0.00
2017-07-31,22.6,0.00
2017-08-01,22.4,0.20
2017-08-02,22.2,0.00
2017-08-03,22.5,2.30
2017-08-04,21.7,6.90
2017-08-05,21.9,0.90
2017-08-06,21.8,5.00
2017-08-07,21.0,5.30
2017-08-08,22.0,0.00
2017-08-09,22.5,0.30
2017-08-10,21.4,2.50
2017-08-11,21.4,5.50
2017-08-12,21.7,1.10
2017-08-13,21.3,1.50
2017-08-14,21.4,5.30
2017-08-15,21.5,4.90
2017-08-16,21.1,3.90
2017-08-17,21.1,1.30
2017-08-18,21.7,0.20
2017-08-19,21.4,1.40
2017-08-20,22.1,0.30
2017-08-21,22.4,1.60
2017-08-22,22.6,1.20
2017-08-23,21.7,1.10
2017-08-24,21.7,0.40
2017-08-25,20.4,13.50
2017-08-26,21.1,0.30
2017-08-27,21.6,5.20
2017-08-28,21.1,11.50
2017-08-29,19.7,24.80
2017-08-30,17.8,26.70
2017-08-31,18.2,6.50
2017-09-01,19.6,3.90
2017-09-02,20.5,3.40
2017-09-03,20.7,3.50
2017-09-04,19.5,7.80
2017-09-05,18.2,11.80
2017-09-06,18.2,15.40
2017-09-07,19.4,5.90
2017-09-08,20.5,0.80
2017-09-09,20.7,0.30
2017-09-10,20.3,2.10
2017-09-11,20.4,0.00
2017-09-12,20.4,0.00
2017-09-13,20.7,0.00
2017-09-14,21.1,0.10
2017-09-15,21.4,0.00
2017-09-16,21.6,0.00
2017-09-17,21.1,1.80
2017-09-18,21.5,0.40
2017-09-19,21.2,1.70
2017-09-20,21.6,2.20
2017-09-21,21.9,0.20
2017-09-22,20.6,6.00
2017-09-23,19.3,5.60
2017-09-24,19.2,4.90
2017-09-25,19.6,6.00
2017-09-26,20.0,1.60
2017-09-27,20.6,1.10
2017-09-28,20.6,3.80
2017-09-29,20.8,5.70
2017-09-30,20.6,1.60
2017-10-01,19.6,3.50
2017-10-02,20.3,3.30
2017-10-03,20.6,0.00
2017-10-04,20.3,0.70
2017-10-05,20.8,0.00
2017-10-06,21.1,0.00
2017-10-07,19.8,5.80
2017-10-08,19.4,3.90
2017-10-09,19.6,0.00
2017-10-10,20.1,2.80
2017-10-11,20.1,0.00
2017-10-12,19.5,0.10
2017-10-13,20.3,0.00
2017-10-14,20.0,0.00
2017-10-15,20.7,0.00
2017-10-16,21.5,0.00
2017-10-17,20.5,0.00
2017-10-18,20.5,0.00
2017-10-19,21.6,0.00
2017-10-20,22.0,0.50
2017-10-21,21.9,0.00
2017-10-22,22.2,0.00
2017-10-23,21.7,0.00
2017-10-24,21.2,0.00
2017-10-25,19.0,0.00
2017-10-26,17.3,0.00
2017-10-27,19.4,0.00
2017-10-28,19.3,0.00
2017-10-29,19.9,0.20
2017-10-30,19.8,1.10
2017-10-31,19.9,0.80
2017-11-01,20.1,0.20
2017-11-02,21.3,0.50
2017-11-03,21.8,0.10
2017-11-04,22.9,0.00
2017-11-05,22.2,0.00
2017-11-06,20.9,0.00
2017-11-07,20.9,0.00
2017-11-08,19.8,0.00
2017-11-09,19.7,0.00
2017-11-10,20.3,0.00
2017-11-11,20.3,0.00
2017-11-12,19.8,0.00
2017-11-13,19.3,0.00
2017-11-14,18.9,0.00
2017-11-15,19.9,0.00
2017-11-16,19.5,0.00
2017-11-17,18.6,0.00
2017-11-18,19.6,0.00
2017-11-19,19.3,0.00
2017-11-20,18.4,0.00
2017-11-21,18.6,0.00
2017-11-22,18.1,0.00
2017-11-23,16.5,0.00
2017-11-24,15.8,0.00
2017-11-25,16.7,0.00
2017-11-26,17.5,0.00
2017-11-27,16.1,0.00
2017-11-28,16.9,0.00
2017-11-29,18.0,0.00
2017-11-30,16.8,0.00
2017-12-01,15.9,0.00
2017-12-02,16.2,0.00
2017-12-03,16.6,0.00
2017-12-04,17.5,0.00
2017-12-05,18.2,0.00
2017-12-06,17.8,0.00
2017-12-07,18.4,0.00
2017-12-08,15.9,0.10
2017-12-09,11.3,0.00
2017-12-10,12.1,0.00
2017-12-11,12.1,0.00
2017-12-12,14.8,0.00
2017-12-13,13.7,0.00
2017-12-14,15.8,0.00
2017-12-15,16.0,1.60
2017-12-16,13.5,20.50
2017-12-17,14.5,0.30
2017-12-18,16.1,0.00
2017-12-19,16.7,0.10
2017-12-20,17.3,0.00
2017-12-21,16.9,0.00
2017-12-22,16.4,0.30
2017-12-23,16.9,0.00
2017-12-24,17.2,0.00
2017-12-25,17.6,0.00
2017-12-26,17.6,0.00
2017-12-27,17.5,0.00
2017-12-28,16.3,0.00
2017-12-29,16.6,0.00
2017-12-30,17.0,0.00
2017-12-31,16.3,0.20
2018-01-01,17.0,0.50
2018-01-02,16.5,0.00
2018-01-03,16.8,0.00
2018-01-04,16.5,0.00
2018-01-05,17.2,0.00
2018-01-06,17.7,0.00
2018-01-07,17.1,0.00
2018-01-08,17.5,0.00
2018-01-09,16.9,0.00
2018-01-10,17.3,0.00
2018-01-11,16.6,0.00
2018-01-12,16.3,0.00
2018-01-13,17.3,0.00
2018-01-14,14.4,0.00
2018-01-15,14.3,0.00
2018-01-16,15.5,0.00
2018-01-17,14.8,0.00
2018-01-18,15.4,0.00
2018-01-19,15.6,0.20
2018-01-20,16.2,0.00
2018-01-21,16.5,0.00
2018-01-22,17.7,0.00
2018-01-23,18.6,0.00
2018-01-24,16.9,2.70
2018-01-25,15.2,1.10
2018-01-26,15.3,0.70
2018-01-27,16.3,0.40
2018-01-28,15.6,2.40
2018-01-29,15.0,1.70
2018-01-30,13.3,0.10
2018-01-31,11.9,0.80
2018-02-01,15.2,2.60
2018-02-02,18.0,0.00
2018-02-03,17.3,0.00
2018-02-04,18.7,0.00
2018-02-05,19.2,0.00
2018-02-06,19.6,0.10
2018-02-07,19.1,0.00
2018-02-08,17.7,4.20
2018-02-09,14.9,26.90
2018-02-10,14.9,0.10
2018-02-11,15.9,0.00
2018-02-12,17.6,0.50
2018-02-13,18.5,0.00
2018-02-14,19.1,0.00
2018-02-15,20.6,0.00
2018-02-16,20.1,0.00
2018-02-17,19.8,0.00
2018-02-18,19.2,0.00
2018-02-19,19.1,0.00
2018-02-20,18.3,0.10
2018-02-21,18.5,0.10
2018-02-22,19.0,0.30
2018-02-23,20.0,0.00
2018-02-24,19.8,0.00
2018-02-25,19.9,0.30
2018-02-26,20.7,0.00
2018-02-27,20.7,0.00
2018-02-28,20.5,0.00
2018-03-01,20.9,0.00
2018-03-02,21.0,0.00
2018-03-03,20.8,0.00
2018-03-04,21.3,0.00
2018-03-05,21.1,0.00
2018-03-06,21.0,0.00
2018-03-07,21.3,0.00
2018-03-08,21.2,0.00
2018-03-09,21.0,0.00
2018-03-10,20.8,0.00
2018-03-11,22.0,0.00
2018-03-12,22.8,0.00
2018-03-13,22.9,0.00
2018-03-14,21.3,0.00
2018-03-15,20.7,0.00
2018-03-16,20.8,0.00
2018-03-17,21.1,0.00
2018-03-18,21.1,0.00
2018-03-19,21.3,0.00
2018-03-20,21.6,0.00
2018-03-21,22.5,0.00
2018-03-22,22.9,0.00
2018-03-23,22.5,0.00
2018-03-24,22.8,0.00
2018-03-25,22.9,0.00
2018-03-26,23.0,0.00
2018-03-27,22.1,0.00
2018-03-28,21.2,0.00
2018-03-29,21.1,0.00
2018-03-30,21.5,0.00
2018-03-31,21.5,0.00
2018-04-01,22.4,0.00
2018-04-02,22.2,0.00
2018-04-03,21.4,0.00
2018-04-04,22.2,0.00
2018-04-05,23.0,0.00
2018-04-06,22.3,0.00
2018-04-07,21.7,0.00
2018-04-08,21.5,0.00
2018-04-09,21.3,0.00
2018-04-10,21.9,0.00
2018-04-11,22.1,0.00
2018-04-12,21.7,0.00
2018-04-13,21.4,0.00
2018-04-14,21.3,0.00
2018-04-15,21.4,0.00
2018-04-16,22.1,0.00
2018-04-17,23.0,0.10
2018-04-18,23.8,0.00
2018-04-19,24.2,0.00
2018-04-20,23.7,0.30
2018-04-21,24.2,0.30
2018-04-22,24.0,0.00
2018-04-23,24.8,0.00
2018-04-24,24.3,0.00
2018-04-25,24.5,0.00
2018-04-26,24.1,0.00
2018-04-27,23.9,0.00
2018-04-28,23.6,0.00
2018-04-29,23.1,1.50
2018-04-30,23.6,0.00
2018-05-01,23.3,0.00
2018-05-02,23.0,0.50
2018-05-03,22.4,1.70
2018-05-04,24.5,0.00
2018-05-05,23.5,5.60
2018-05-06,21.6,6.10
2018-05-07,22.4,4.10
2018-05-08,21.2,6.10
2018-05-09,20.9,1.80
2018-05-10,20.3,1.60
2018-05-11,21.2,0.20
2018-05-12,22.0,0.20
2018-05-13,22.1,0.60
2018-05-14,22.1,0.60
2018-05-15,23.1,0.10
2018-05-16,23.9,1.00
2018-05-17,24.8,0.00
2018-05-18,24.8,0.00
2018-05-19,24.1,0.00
2018-05-20,23.4,0.00
2018-05-21,23.8,0.00
2018-05-22,24.2,0.00
2018-05-23,25.1,0.00
2018-05-24,25.9,0.00
2018-05-25,25.7,0.00
2018-05-26,26.3,0.00
2018-05-27,26.4,0.00
2018-05-28,26.5,0.10
2018-05-29,26.8,0.00
2018-05-30,27.3,0.60
2018-05-31,27.0,0.00
2018-06-01,27.3,0.00
2018-06-02,27.2,0.00
2018-06-03,26.2,0.00
2018-06-04,25.0,3.80
2018-06-05,24.3,0.80
2018-06-06,24.0,3.00
2018-06-07,24.0,0.00
2018-06-08,23.0,7.30
2018-06-09,22.0,3.20
2018-06-10,21.3,7.80
2018-06-11,21.3,1.20
2018-06-12,21.0,0.60
2018-06-13,20.1,3.60
2018-06-14,21.4,2.60
2018-06-15,22.1,0.20
2018-06-16,22.6,0.00
2018-06-17,23.3,0.00
2018-06-18,21.9,4.50
2018-06-19,19.2,7.20
2018-06-20,19.9,5.80
2018-06-21,20.4,2.50
2018-06-22,20.1,4.80
2018-06-23,20.2,7.20
2018-06-24,20.0,9.00
2018-06-25,19.6,10.40
2018-06-26,20.3,1.00
2018-06-27,20.1,10.20
2018-06-28,20.0,1.30
2018-06-29,19.7,4.50
2018-06-30,20.6,1.20
2018-07-01,19.9,5.80
2018-07-02,20.1,4.40
2018-07-03,20.4,1.80
2018-07-04,20.8,0.50
2018-07-05,22.0,0.10
2018-07-06,22.0,0.00
2018-07-07,21.6,0.90
2018-07-08,20.2,8.80
2018-07-09,19.3,4.00
2018-07-10,19.9,1.10
2018-07-11,19.6,0.10
2018-07-12,20.1,3.20
2018-07-13,21.2,0.10
2018-07-14,21.5,0.80
2018-07-15,21.0,0.20
2018-07-16,20.9,3.10
2018-07-17,20.3,0.90
2018-07-18,21.2,0.50
2018-07-19,21.3,1.20
2018-07-20,21.5,0.10
2018-07-21,21.5,7.20
2018-07-22,23.7,0.40
2018-07-23,24.1,0.00
2018-07-24,23.3,1.40
2018-07-25,22.8,1.20
2018-07-26,21.5,10.30
2018-07-27,22.0,1.40
2018-07-28,21.0,1.90
2018-07-29,21.4,0.00
2018-07-30,22.0,0.20
2018-07-31,22.7,1.20
2018-08-01,23.6,0.00
2018-08-02,23.6,0.90
2018-08-03,24.4,0.00
2018-08-04,23.9,0.00
2018-08-05,21.8,4.30
2018-08-06,21.0,5.00
2018-08-07,20.5,7.40
2018-08-08,20.2,1.30
2018-08-09,20.1,6.30
2018-08-10,19.6,6.00
2018-08-11,20.7,1.10
2018-08-12,21.4,0.60
2018-08-13,20.1,6.70
2018-08-14,19.7,3.90
2018-08-15,20.8,1.30
2018-08-16,21.0,7.80
2018-08-17,20.5,4.50
2018-08-18,21.3,0.60
2018-08-19,21.3,2.20
2018-08-20,22.0,0.60
2018-08-21,21.0,7.00
2018-08-22,20.5,2.20
2018-08-23,20.7,8.30
2018-08-24,20.8,0.30
2018-08-25,21.6,0.40
2018-08-26,21.4,1.30
2018-08-27,20.5,14.20
2018-08-28,21.0,1.30
2018-08-29,20.0,2.00
2018-08-30,20.3,10.10
2018-08-31,20.1,3.40
2018-09-01,20.1,4.10
2018-09-02,20.0,7.90
2018-09-03,20.3,12.10
2018-09-04,20.9,0.10
2018-09-05,21.3,1.20
2018-09-06,20.3,13.20
2018-09-07,20.5,1.80
2018-09-08,20.1,1.30
2018-09-09,20.9,0.10
2018-09-10,20.0,6.60
2018-09-11,20.1,9.90
2018-09-12,21.2,2.40
2018-09-13,20.2,5.30
2018-09-14,20.7,8.30
2018-09-15,20.1,4.30
2018-09-16,19.8,1.60
2018-09-17,19.2,3.90
2018-09-18,19.7,9.30
2018-09-19,19.7,0.60
2018-09-20,20.8,0.10
2018-09-21,21.0,0.40
2018-09-22,20.8,3.80
2018-09-23,21.0,3.90
2018-09-24,20.6,10.10
2018-09-25,20.9,0.90
2018-09-26,21.4,4.10
2018-09-27,19.8,20.80
2018-09-28,20.2,1.90
2018-09-29,20.0,6.00
2018-09-30,20.3,3.80
2018-10-01,20.5,6.50
2018-10-02,20.4,0.30
2018-10-03,20.4,0.00
2018-10-04,21.2,0.20
2018-10-05,20.6,0.80
2018-10-06,19.4,17.80
2018-10-07,19.2,2.30
2018-10-08,18.8,2.50
2018-10-09,18.8,0.00
2018-10-10,18.9,0.00
2018-10-11,20.2,0.20
2018-10-12,20.8,2.00
2018-10-13,21.6,0.00
2018-10-14,20.5,4.40
2018-10-15,19.4,3.30
2018-10-16,20.3,0.70
2018-10-17,20.6,1.20
2018-10-18,20.8,0.80
2018-10-19,21.1,0.20
2018-10-20,21.2,2.00
2018-10-21,19.1,7.10
2018-10-22,18.5,2.80
2018-10-23,18.0,9.30
2018-10-24,18.1,2.40
2018-10-25,18.8,0.10
2018-10-26,19.7,0.10
2018-10-27,19.7,0.30
2018-10-28,20.1,0.30
2018-10-29,20.1,0.00
2018-10-30,19.5,1.70
2018-10-31,19.9,0.30
2018-11-01,19.0,0.20
2018-11-02,18.7,0.20
2018-11-03,18.3,0.20
2018-11-04,15.5,11.30
2018-11-05,17.0,0.40
2018-11-06,18.1,0.00
2018-11-07,19.3,0.00
2018-11-08,20.0,0.00
2018-11-09,19.9,0.00
2018-11-10,19.9,0.00
2018-11-11,19.7,0.40
2018-11-12,17.9,0.40
2018-11-13,17.4,2.10
2018-11-14,13.4,0.00
2018-11-15,14.3,0.00
2018-11-16,15.9,0.00
2018-11-17,16.0,0.00
2018-11-18,17.8,0.00
2018-11-19,18.5,0.00
2018-11-20,19.5,0.00
2018-11-21,20.0,0.00
2018-11-22,20.1,0.00
2018-11-23,19.8,0.00
2018-11-24,19.9,0.00
2018-11-25,18.2,0.00
2018-11-26,18.7,0.00
2018-11-27,18.2,0.00
2018-11-28,14.3,38.30
2018-11-29,13.1,2.20
2018-11-30,14.9,0.00
2018-12-01,14.9,0.00
2018-12-02,15.0,0.00
2018-12-03,16.3,0.00
2018-12-04,17.2,0.00
2018-12-05,17.5,0.20
2018-12-06,17.8,0.40
2018-12-07,17.5,2.60
2018-12-08,17.3,0.00
2018-12-09,17.4,0.00
2018-12-10,17.2,0.00
2018-12-11,17.1,0.00
2018-12-12,17.2,0.00
2018-12-13,16.3,0.00
2018-12-14,14.7,0.00
2018-12-15,12.5,0.00
2018-12-16,13.9,0.00
2018-12-17,16.5,0.00
2018-12-18,16.5,0.00
2018-12-19,15.1,0.00
2018-12-20,14.4,0.00
2018-12-21,13.7,0.00
2018-12-22,14.6,0.00
2018-12-23,15.6,0.00
2018-12-24,15.0,0.00
2018-12-25,16.2,0.00
2018-12-26,17.1,0.00
2018-12-27,15.5,0.00
2018-12-28,15.7,0.00
2018-12-29,16.3,0.00
2018-12-30,14.3,3.90
2018-12-31,13.7,0.30
2019-01-01,15.3,0.00
2019-01-02,16.4,0.00
2019-01-03,16.3,0.00
2019-01-04,17.4,0.00
2019-01-05,18.8,0.00
2019-01-06,18.2,0.00
2019-01-07,18.8,0.00
2019-01-08,20.0,0.00
2019-01-09,16.6,0.00
2019-01-10,15.8,0.00
2019-01-11,16.6,0.60
2019-01-12,16.4,0.60
2019-01-13,16.9,0.40
2019-01-14,16.7,0.00
2019-01-15,17.0,0.10
2019-01-16,17.7,1.00
2019-01-17,16.3,2.10
2019-01-18,16.3,0.00
2019-01-19,17.7,0.00
2019-01-20,16.3,0.00
2019-01-21,16.6,0.00
2019-01-22,17.9,0.00
2019-01-23,17.3,0.00
2019-01-24,18.0,0.00
2019-01-25,18.1,0.00
2019-01-26,17.9,0.00
2019-01-27,14.2,0.00
2019-01-28,15.4,0.00
2019-01-29,15.7,0.00
2019-01-30,16.1,0.00
2019-01-31,15.9,0.00
2019-02-01,16.7,0.00
2019-02-02,18.3,0.30
2019-02-03,17.5,0.00
2019-02-04,18.5,0.00
2019-02-05,18.3,0.00
2019-02-06,19.1,0.00
2019-02-07,19.2,0.00
2019-02-08,19.4,0.00
2019-02-09,19.3,0.00
2019-02-10,19.4,0.00
2019-02-11,18.7,0.00
2019-02-12,18.9,0.00
2019-02-13,18.9,0.00
2019-02-14,19.8,0.00
2019-02-15,20.6,0.00
2019-02-16,21.8,0.00
2019-02-17,21.3,0.00
2019-02-18,20.4,0.00
2019-02-19,19.4,0.00
2019-02-20,18.9,0.00
2019-02-21,18.8,0.00
2019-02-22,18.1,0.30
2019-02-23,18.7,0.00
2019-02-24,20.4,0.00
2019-02-25,20.5,0.00
2019-02-26,21.6,0.00
2019-02-27,21.8,0.00
2019-02-28,21.3,0.00
2019-03-01,21.1,0.00
2019-03-02,21.3,0.00
2019-03-03,22.8,0.00
2019-03-04,22.3,0.00
2019-03-05,22.3,0.00
2019-03-06,22.1,0.00
2019-03-07,22.5,0.00
2019-03-08,22.7,0.00
2019-03-09,22.1,0.00
2019-03-10,22.5,0.00
2019-03-11,23.2,0.00
2019-03-12,21.5,0.00
2019-03-13,20.6,0.00
2019-03-14,21.0,0.00
2019-03-15,21.0,0.00
2019-03-16,21.1,0.00
2019-03-17,21.0,0.00
2019-03-18,20.2,0.10
2019-03-19,19.8,0.00
2019-03-20,19.7,0.00
2019-03-21,20.5,0.00
2019-03-22,20.4,0.00
2019-03-23,19.9,0.00
2019-03-24,21.0,0.00
2019-03-25,22.3,0.00
2019-03-26,23.1,0.00
2019-03-27,22.2,0.00
2019-03-28,22.9,0.00
2019-03-29,23.0,0.00
2019-03-30,22.4,0.00
2019-03-31,22.6,0.00
2019-04-01,22.4,0.00
2019-04-02,21.9,0.00
2019-04-03,21.6,0.00
2019-04-04,21.7,0.00
2019-04-05,22.0,0.00
2019-04-06,21.5,0.00
2019-04-07,21.1,0.00
2019-04-08,21.3,0.00
2019-04-09,21.9,0.00
2019-04-10,22.4,0.00
2019-04-11,22.0,0.00
2019-04-12,21.1,0.00
2019-04-13,19.9,0.00
2019-04-14,20.8,0.00
2019-04-15,22.3,0.00
2019-04-16,22.9,0.00
2019-04-17,22.8,0.00
2019-04-18,23.5,0.00
2019-04-19,23.3,0.00
2019-04-20,23.2,0.00
2019-04-21,24.3,0.00
2019-04-22,24.4,0.00
2019-04-23,24.3,0.00
2019-04-24,22.6,0.00
2019-04-25,22.8,0.00
2019-04-26,23.9,0.00
2019-04-27,24.1,0.00
2019-04-28,23.5,0.00
2019-04-29,24.5,0.00
2019-04-30,25.6,0.00
2019-05-01,25.9,0.00
2019-05-02,25.6,0.00
2019-05-03,24.5,0.00
2019-05-04,24.7,0.00
2019-05-05,24.3,0.00
2019-05-06,22.8,0.00
2019-05-07,22.2,0.00
2019-05-08,21.8,0.00
2019-05-09,22.5,0.00
2019-05-10,22.8,0.00
2019-05-11,23.9,0.00
2019-05-12,23.6,0.00
2019-05-13,23.7,0.00
2019-05-14,24.3,0.00
2019-05-15,24.8,0.00
2019-05-16,25.5,0.00
2019-05-17,25.1,0.00
2019-05-18,24.8,0.00
2019-05-19,24.7,0.00
2019-05-20,25.0,0.00
2019-05-21,24.5,0.00
2019-05-22,24.3,0.00
2019-05-23,25.0,0.00
2019-05-24,25.5,0.00
2019-05-25,25.0,0.00
2019-05-26,25.1,0.00
2019-05-27,24.5,0.20
2019-05-28,24.8,0.00
2019-05-29,25.1,0.00
2019-05-30,25.1,0.00
2019-05-31,24.6,1.10
2019-06-01,25.4,0.00
2019-06-02,24.9,0.20
2019-06-03,23.8,5.30
2019-06-04,23.3,4.70
2019-06-05,22.5,5.30
2019-06-06,23.6,0.20
2019-06-07,23.4,0.00
2019-06-08,23.8,0.20
2019-06-09,26.2,0.00
2019-06-10,26.1,0.00
2019-06-11,25.6,0.00
2019-06-12,25.5,0.10
2019-06-13,24.6,0.00
2019-06-14,24.5,1.90
2019-06-15,23.9,1.80
2019-06-16,23.0,13.30
2019-06-17,22.3,7.30
2019-06-18,22.9,17.50
2019-06-19,22.0,8.10
2019-06-20,23.4,0.10
2019-06-21,23.6,0.50
2019-06-22,24.7,0.00
2019-06-23,24.7,0.00
2019-06-24,25.3,0.00
2019-06-25,23.6,0.00
2019-06-26,22.9,8.60
2019-06-27,22.9,0.20
2019-06-28,23.1,0.10
2019-06-29,23.1,0.00
2019-06-30,20.1,15.20
2019-07-01,19.5,3.40
2019-07-02,20.6,0.90
2019-07-03,20.7,0.40
2019-07-04,21.2,3.80
2019-07-05,20.8,2.90
2019-07-06,22.7,0.00
2019-07-07,21.6,3.90
2019-07-08,21.6,8.60
2019-07-09,22.3,5.30
2019-07-10,23.0,0.00
2019-07-11,23.1,3.10
2019-07-12,21.3,5.10
2019-07-13,21.1,4.40
2019-07-14,21.1,5.70
2019-07-15,20.9,6.90
2019-07-16,21.6,3.00
2019-07-17,21.7,2.20
2019-07-18,21.3,2.50
2019-07-19,20.4,18.00
2019-07-20,19.4,19.70
2019-07-21,19.3,17.50
2019-07-22,20.2,0.60
2019-07-23,20.1,3.80
2019-07-24,19.7,11.10
2019-07-25,19.1,14.30
2019-07-26,19.5,4.20
2019-07-27,20.0,5.60
2019-07-28,20.2,16.40
2019-07-29,19.1,6.30
2019-07-30,20.1,4.90
2019-07-31,20.7,9.50
2019-08-01,21.7,0.00
2019-08-02,21.8,0.00
2019-08-03,21.1,0.30
2019-08-04,20.8,8.90
2019-08-05,20.6,3.20
2019-08-06,21.1,3.70
2019-08-07,20.5,13.00
2019-08-08,19.7,4.20
2019-08-09,21.0,7.80
2019-08-10,21.2,1.80
2019-08-11,21.3,0.80
2019-08-12,21.9,0.30
2019-08-13,22.6,0.20
2019-08-14,22.5,1.40
2019-08-15,21.9,0.00
2019-08-16,21.9,3.50
2019-08-17,21.7,6.90
2019-08-18,22.7,0.40
2019-08-19,23.0,3.60
2019-08-20,22.8,0.00
2019-08-21,22.4,0.20
2019-08-22,20.6,8.70
2019-08-23,21.2,0.00
2019-08-24,20.4,7.20
2019-08-25,20.6,16.00
2019-08-26,20.3,6.30
2019-08-27,20.4,0.10
2019-08-28,21.2,0.80
2019-08-29,21.6,0.00
2019-08-30,20.9,0.10
2019-08-31,21.6,0.00
2019-09-01,22.4,0.50
2019-09-02,21.9,8.70
2019-09-03,21.4,0.50
2019-09-04,21.2,8.50
2019-09-05,20.8,9.00
2019-09-06,20.3,12.60
2019-09-07,20.3,11.10
2019-09-08,19.7,2.50
2019-09-09,19.6,5.70
2019-09-10,20.3,3.20
2019-09-11,20.1,0.70
2019-09-12,21.0,0.10
2019-09-13,20.5,9.00
2019-09-14,20.5,3.30
2019-09-15,21.0,0.30
2019-09-16,21.3,0.40
2019-09-17,21.6,0.10
2019-09-18,20.7,3.10
2019-09-19,19.3,3.70
2019-09-20,20.4,1.90
2019-09-21,21.3,0.20
2019-09-22,21.1,0.80
2019-09-23,22.4,1.00
2019-09-24,22.4,1.40
2019-09-25,21.6,0.00
2019-09-26,22.2,4.70
2019-09-27,22.5,0.70
2019-09-28,22.3,3.80
2019-09-29,20.2,16.80
2019-09-30,18.7,28.70
2019-10-01,19.9,2.30
2019-10-02,19.7,9.40
2019-10-03,20.0,2.80
2019-10-04,20.1,2.10
2019-10-05,20.7,0.40
2019-10-06,21.2,0.20
2019-10-07,21.7,0.00
2019-10-08,21.1,0.00
2019-10-09,21.0,0.00
2019-10-10,21.8,0.00
2019-10-11,21.7,0.10
2019-10-12,21.1,0.60
2019-10-13,21.0,0.70
2019-10-14,21.4,0.70
2019-10-15,22.8,0.30
2019-10-16,23.4,0.00
2019-10-17,22.2,0.00
2019-10-18,20.4,3.20
2019-10-19,20.0,4.50
2019-10-20,19.3,7.10
2019-10-21,18.2,3.80
2019-10-22,18.4,9.60
2019-10-23,19.0,0.10
2019-10-24,19.7,0.30
2019-10-25,19.1,3.10
2019-10-26,19.1,4.30
2019-10-27,18.4,0.00
2019-10-28,18.3,0.00
2019-10-29,19.2,0.20
2019-10-30,19.5,1.30
2019-10-31,19.7,5.70
2019-11-01,19.0,0.20
2019-11-02,20.0,5.50
2019-11-03,19.3,1.10
2019-11-04,19.6,0.70
2019-11-05,19.6,0.90
2019-11-06,19.4,0.10
2019-11-07,21.1,0.30
2019-11-08,21.6,0.00
2019-11-09,20.8,0.00
2019-11-10,20.7,0.00
2019-11-11,21.1,0.20
2019-11-12,19.1,4.80
2019-11-13,16.3,2.20
2019-11-14,17.5,1.50
2019-11-15,18.1,0.20
2019-11-16,18.5,0.00
2019-11-17,18.0,1.20
2019-11-18,18.7,0.50
2019-11-19,19.3,0.10
2019-11-20,19.5,0.30
2019-11-21,19.5,0.10
2019-11-22,19.7,0.00
2019-11-23,20.4,0.00
2019-11-24,20.3,0.00
2019-11-25,19.8,0.00
2019-11-26,19.1,2.30
2019-11-27,19.9,0.00
2019-11-28,19.5,0.00
2019-11-29,20.3,0.00
2019-11-30,20.4,0.00
2019-12-01,20.9,0.00
2019-12-02,19.9,0.00
2019-12-03,19.9,0.00
2019-12-04,18.6,0.00
2019-12-05,19.0,0.00
2019-12-06,19.4,0.00
2019-12-07,17.6,0.00
2019-12-08,18.0,0.00
2019-12-09,17.9,0.00
2019-12-10,17.0,0.00
2019-12-11,16.5,0.00
2019-12-12,17.4,0.00
2019-12-13,17.3,0.00
2019-12-14,17.0,0.00
2019-12-15,17.3,0.00
2019-12-16,16.4,0.00
2019-12-17,16.5,0.00
2019-12-18,15.6,0.00
2019-12-19,15.3,0.00
2019-12-20,14.9,4.10
2019-12-21,13.0,8.40
2019-12-22,12.6,0.00
2019-12-23,15.1,0.00
2019-12-24,16.8,0.00
2019-12-25,17.0,0.00
2019-12-26,17.5,0.00
2019-12-27,18.2,0.00
2019-12-28,15.6,0.40
2019-12-29,15.6,0.10
2019-12-30,16.5,0.00
2019-12-31,17.4,0.00
2020-01-01,18.1,1.00
2020-01-02,14.0,8.30
2020-01-03,12.5,0.00
2020-01-04,11.1,0.00
2020-01-05,11.1,0.00
2020-01-06,13.4,0.00
2020-01-07,16.3,0.00
2020-01-08,14.5,0.00
2020-01-09,17.3,0.00
2020-01-10,17.4,0.00
2020-01-11,18.0,0.00
2020-01-12,17.3,0.00
2020-01-13,18.4,0.00
2020-01-14,18.0,0.00
2020-01-15,18.6,0.00
2020-01-16,19.3,0.00
2020-01-17,19.2,0.30
2020-01-18,18.4,0.10
2020-01-19,17.3,0.30
2020-01-20,17.1,0.10
2020-01-21,17.3,0.10
2020-01-22,18.9,0.00
2020-01-23,16.1,0.70
2020-01-24,16.5,0.00
2020-01-25,17.5,0.00
2020-01-26,17.3,2.30
2020-01-27,16.3,0.00
2020-01-28,15.7,0.00
2020-01-29,16.0,0.00
2020-01-30,15.6,1.20
2020-01-31,15.6,0.00
2020-02-01,16.7,0.00
2020-02-02,14.6,0.90
2020-02-03,13.7,21.90
2020-02-04,15.6,6.20
2020-02-05,14.8,4.30
2020-02-06,13.2,0.00
2020-02-07,15.9,0.00
2020-02-08,16.2,0.00
2020-02-09,17.4,0.00
2020-02-10,18.0,0.00
2020-02-11,18.2,0.00
2020-02-12,17.1,0.00
2020-02-13,17.6,0.00
2020-02-14,18.9,0.00
2020-02-15,19.8,0.00
2020-02-16,20.9,0.00
2020-02-17,22.0,0.00
2020-02-18,21.7,0.00
2020-02-19,21.3,0.00
2020-02-20,21.6,0.00
2020-02-21,20.6,0.00
2020-02-22,21.0,0.00
2020-02-23,21.1,0.00
2020-02-24,20.0,0.00
2020-02-25,19.5,0.00
2020-02-26,19.0,0.00
2020-02-27,17.5,0.00
2020-02-28,19.2,0.00
2020-02-29,20.0,0.00
2020-03-01,20.8,0.00
2020-03-02,21.4,0.00
2020-03-03,19.8,0.00
2020-03-04,19.3,0.00
2020-03-05,20.7,0.00
2020-03-06,20.8,0.00
2020-03-07,20.9,0.00
2020-03-08,20.9,0.10
2020-03-09,21.0,0.00
2020-03-10,22.6,0.00
2020-03-11,22.6,0.00
2020-03-12,23.0,0.00
2020-03-13,22.9,0.00
2020-03-14,22.7,0.30
2020-03-15,21.9,0.20
2020-03-16,21.5,0.50
2020-03-17,21.0,0.00
2020-03-18,21.7,0.00
2020-03-19,21.7,0.00
2020-03-20,22.4,0.00
2020-03-21,22.7,0.00
2020-03-22,23.5,0.00
2020-03-23,24.0,0.00
2020-03-24,24.2,0.00
2020-03-25,23.8,0.00
2020-03-26,24.4,0.00
2020-03-27,23.5,0.00
2020-03-28,23.0,0.00
2020-03-29,23.3,0.00
2020-03-30,23.2,0.00
2020-03-31,23.4,0.00
2020-04-01,23.0,0.00
2020-04-02,23.1,0.00
2020-04-03,23.7,0.00
2020-04-04,23.5,0.00
2020-04-05,22.8,0.00
2020-04-06,22.8,0.00
2020-04-07,22.9,0.00
2020-04-08,23.9,0.00
2020-04-09,23.7,0.00
2020-04-10,23.8,0.00
2020-04-11,23.3,0.00
2020-04-12,23.2,0.00
2020-04-13,22.7,0.00
2020-04-14,23.1,0.00
2020-04-15,23.6,0.00
2020-04-16,24.1,0.00
2020-04-17,24.2,0.00
2020-04-18,24.0,0.00
2020-04-19,24.1,0.00
2020-04-20,24.3,0.00
2020-04-21,24.7,0.00
2020-04-22,24.5,0.00
2020-04-23,24.4,0.00
2020-04-24,23.4,0.00
2020-04-25,24.3,0.00
2020-04-26,25.3,0.00
2020-04-27,25.0,0.00
2020-04-28,24.5,0.00
2020-04-29,24.2,0.00
2020-04-30,23.4,0.50
2020-05-01,23.6,0.00
2020-05-02,24.5,0.00
2020-05-03,25.0,0.00
2020-05-04,25.8,0.90
2020-05-05,24.4,0.20
2020-05-06,22.1,3.70
2020-05-07,19.9,3.20
2020-05-08,20.7,5.30
2020-05-09,22.2,0.00
2020-05-10,22.9,0.00
2020-05-11,22.5,0.00
2020-05-12,23.2,0.00
2020-05-13,23.6,0.00
2020-05-14,23.7,0.00
2020-05-15,23.5,0.00
2020-05-16,23.2,0.00
2020-05-17,23.4,0.00
2020-05-18,24.8,0.00
2020-05-19,25.2,0.00
2020-05-20,25.1,0.00
2020-05-21,25.0,0.00
2020-05-22,24.1,0.00
2020-05-23,23.9,0.00
2020-05-24,23.5,0.00
2020-05-25,23.2,0.00
2020-05-26,23.6,0.00
2020-05-27,24.4,0.00
2020-05-28,25.0,0.00
2020-05-29,25.2,0.00
2020-05-30,23.5,0.60
2020-05-31,23.4,0.00
2020-06-01,24.4,0.00
2020-06-02,25.3,0.20
2020-06-03,26.1,0.00
2020-06-04,27.6,0.00
2020-06-05,27.3,0.00
2020-06-06,25.9,0.00
2020-06-07,24.7,0.30
2020-06-08,24.5,0.90
2020-06-09,23.8,0.00
2020-06-10,25.0,0.20
2020-06-11,24.9,0.10
2020-06-12,23.5,0.60
2020-06-13,24.0,0.00
2020-06-14,22.5,0.80
2020-06-15,24.1,0.50
2020-06-16,24.5,0.00
2020-06-17,24.5,0.10
2020-06-18,25.7,0.90
2020-06-19,25.5,2.80
2020-06-20,24.4,1.20
2020-06-21,22.6,7.00
2020-06-22,22.0,7.30
2020-06-23,21.8,2.00
2020-06-24,20.8,4.80
2020-06-25,20.8,2.90
2020-06-26,20.1,3.30
2020-06-27,21.8,0.70
2020-06-28,21.8,1.10
2020-06-29,22.2,0.40
2020-06-30,22.3,8.70
2020-07-01,21.1,11.60
2020-07-02,20.7,3.80
2020-07-03,21.4,7.10
2020-07-04,21.1,1.60
2020-07-05,21.6,0.30
2020-07-06,21.7,2.20
2020-07-07,20.7,12.60
2020-07-08,20.4,2.90
2020-07-09,20.5,1.40
2020-07-10,21.1,1.20
2020-07-11,23.0,0.00
2020-07-12,21.6,7.20
2020-07-13,21.0,1.20
2020-07-14,22.5,0.60
2020-07-15,21.5,1.00
2020-07-16,21.4,2.00
2020-07-17,20.7,8.30
2020-07-18,20.0,10.20
2020-07-19,20.2,3.40
2020-07-20,21.0,1.20
2020-07-21,21.7,0.20
2020-07-22,21.3,4.00
2020-07-23,20.5,7.70
2020-07-24,20.6,2.50
2020-07-25,21.3,10.50
2020-07-26,21.1,4.70
2020-07-27,19.7,7.40
2020-07-28,20.4,8.70
2020-07-29,20.1,7.80
2020-07-30,20.3,12.50
2020-07-31,20.1,17.70
2020-08-01,20.1,4.10
2020-08-02,20.7,2.70
2020-08-03,21.2,1.80
2020-08-04,21.5,8.60
2020-08-05,21.1,3.10
2020-08-06,21.4,0.70
2020-08-07,22.1,0.00
2020-08-08,22.6,0.20
2020-08-09,20.1,7.70
2020-08-10,20.9,2.80
2020-08-11,21.5,4.30
2020-08-12,20.5,7.70
2020-08-13,20.0,4.50
2020-08-14,20.2,9.10
2020-08-15,21.1,0.60
2020-08-16,19.5,11.20
2020-08-17,21.0,1.30
2020-08-18,19.8,6.80
2020-08-19,19.9,10.10
2020-08-20,20.3,0.00
2020-08-21,21.0,4.90
2020-08-22,21.7,1.20
2020-08-23,22.4,1.00
2020-08-24,22.2,0.00
2020-08-25,22.3,0.80
2020-08-26,22.5,3.00
2020-08-27,20.0,9.10
2020-08-28,20.1,6.80
2020-08-29,20.6,7.00
2020-08-30,20.5,8.90
2020-08-31,20.0,2.50
2020-09-01,19.9,13.20
2020-09-02,21.4,0.20
2020-09-03,22.2,0.00
2020-09-04,22.7,0.00
2020-09-05,21.4,9.60
2020-09-06,20.4,6.90
2020-09-07,20.5,13.80
2020-09-08,19.6,9.50
2020-09-09,20.1,8.10
2020-09-10,20.5,9.50
2020-09-11,20.0,3.00
2020-09-12,20.3,8.50
2020-09-13,20.0,2.50
2020-09-14,21.1,1.30
2020-09-15,20.7,1.40
2020-09-16,20.5,2.90
2020-09-17,20.2,3.80
2020-09-18,20.7,4.80
2020-09-19,20.3,0.60
2020-09-20,20.2,5.80
2020-09-21,19.9,14.20
2020-09-22,20.2,6.70
2020-09-23,20.8,0.10
2020-09-24,20.9,0.00
2020-09-25,20.2,0.00
2020-09-26,20.4,0.00
2020-09-27,21.2,0.00
2020-09-28,22.9,0.20
2020-09-29,21.9,0.00
2020-09-30,19.5,0.00
2020-10-01,20.5,0.00
2020-10-02,18.6,0.00
2020-10-03,18.3,0.00
2020-10-04,20.1,0.00
2020-10-05,18.8,0.00
2020-10-06,20.0,0.00
2020-10-07,20.2,0.00
2020-10-08,20.6,0.00
2020-10-09,21.9,0.30
2020-10-10,22.3,0.40
2020-10-11,22.1,0.10
2020-10-12,22.1,0.10
2020-10-13,22.0,3.70
2020-10-14,21.3,0.50
2020-10-15,22.3,0.00
2020-10-16,22.6,0.00
2020-10-17,21.6,0.00
2020-10-18,21.8,0.00
2020-10-19,22.9,0.00
2020-10-20,22.7,0.00
2020-10-21,22.3,0.00
2020-10-22,21.9,0.80
2020-10-23,22.6,0.00
2020-10-24,23.1,0.00
2020-10-25,22.6,0.00
2020-10-26,22.5,0.00
2020-10-27,22.0,0.00
2020-10-28,21.3,0.00
2020-10-29,21.0,0.00
2020-10-30,21.0,0.00
2020-10-31,21.2,0.00
2020-11-01,22.0,0.00
2020-11-02,18.8,0.00
2020-11-03,17.3,0.00
2020-11-04,18.6,0.00
2020-11-05,18.0,0.00
2020-11-06,17.5,0.00
2020-11-07,19.3,0.00
2020-11-08,19.9,0.00
2020-11-09,20.2,0.00
2020-11-10,20.2,0.00
2020-11-11,20.5,0.00
2020-11-12,21.0,0.00
2020-11-13,21.2,0.00
2020-11-14,21.1,0.00
2020-11-15,21.6,0.00
2020-11-16,20.4,0.00
2020-11-17,19.6,0.00
2020-11-18,19.6,0.00
2020-11-19,18.8,0.00
2020-11-20,18.9,0.00
2020-11-21,19.4,0.00
2020-11-22,19.3,0.00
2020-11-23,18.1,0.00
2020-11-24,20.6,0.00
2020-11-25,20.9,0.00
2020-11-26,21.3,0.00
2020-11-27,21.4,0.00
2020-11-28,21.0,0.00
2020-11-29,20.4,0.00
2020-11-30,19.3,0.00
2020-12-01,17.9,0.00
2020-12-02,17.9,0.00
2020-12-03,17.5,0.20
2020-12-04,17.4,2.30
2020-12-05,17.4,0.60
2020-12-06,16.3,0.40
2020-12-07,15.9,0.00
2020-12-08,17.7,0.00
2020-12-09,18.7,0.00
2020-12-10,19.1,0.00
2020-12-11,17.7,0.00
2020-12-12,18.3,0.00
2020-12-13,18.8,0.00
2020-12-14,19.4,0.00
2020-12-15,17.9,0.00
2020-12-16,17.0,0.00
2020-12-17,17.4,0.00
2020-12-18,17.9,0.00
2020-12-19,17.2,0.00
2020-12-20,18.2,0.00
2020-12-21,17.9,0.00
2020-12-22,17.7,0.00
2020-12-23,18.2,0.00
2020-12-24,18.1,0.00
2020-12-25,15.8,0.00
2020-12-26,16.9,0.00
2020-12-27,16.1,0.00
2020-12-28,16.3,0.00
2020-12-29,16.9,0.00
2020-12-30,14.8,0.00
2020-12-31,11.6,0.80
2021-01-01,13.5,0.00
2021-01-02,14.0,0.00
2021-01-03,15.9,0.00
2021-01-04,15.9,0.00
2021-01-05,16.3,0.00
2021-01-06,16.5,0.00
2021-01-07,16.3,0.00
2021-01-08,17.3,0.00
2021-01-09,15.7,3.10
2021-01-10,15.6,0.30
2021-01-11,15.8,0.00
2021-01-12,15.5,0.00
2021-01-13,15.6,0.00
2021-01-14,17.0,0.20
2021-01-15,16.7,0.00
2021-01-16,17.9,0.00
2021-01-17,18.3,0.00
2021-01-18,17.3,0.30
2021-01-19,18.5,0.00
2021-01-20,17.5,0.00
2021-01-21,18.6,0.00
2021-01-22,19.0,0.00
2021-01-23,19.4,0.00
2021-01-24,18.9,0.00
2021-01-25,17.5,0.00
2021-01-26,17.9,0.00
2021-01-27,19.2,0.00
2021-01-28,18.9,0.00
2021-01-29,17.6,0.00
2021-01-30,18.8,0.00
2021-01-31,19.6,0.00
2021-02-01,19.1,0.00
2021-02-02,18.0,0.00
2021-02-03,19.7,0.00
2021-02-04,20.1,0.00
2021-02-05,20.2,0.00
2021-02-06,18.9,0.00
2021-02-07,19.4,0.00
2021-02-08,19.0,0.00
2021-02-09,18.3,0.00
2021-02-10,18.2,0.00
2021-02-11,17.3,0.00
2021-02-12,15.5,0.00
2021-02-13,14.7,0.00
2021-02-14,14.8,0.00
2021-02-15,15.5,0.00
2021-02-16,16.4,0.00
2021-02-17,16.7,0.00
2021-02-18,17.2,0.00
2021-02-19,17.4,0.00
2021-02-20,18.4,0.00
2021-02-21,19.3,0.00
2021-02-22,20.2,0.00
2021-02-23,20.2,0.00
2021-02-24,21.7,0.00
2021-02-25,21.0,0.00
2021-02-26,21.3,0.00
2021-02-27,21.4,0.00
2021-02-28,21.1,0.00
2021-03-01,21.2,0.00
2021-03-02,21.4,0.00
2021-03-03,21.8,0.00
2021-03-04,21.7,0.00
2021-03-05,22.5,0.00
2021-03-06,22.0,0.00
2021-03-07,22.1,0.00
2021-03-08,21.2,0.00
2021-03-09,21.4,0.00
2021-03-10,22.4,0.00
2021-03-11,21.8,0.00
2021-03-12,21.9,0.00
2021-03-13,21.9,0.00
2021-03-14,22.1,0.00
2021-03-15,21.4,0.00
2021-03-16,21.3,0.00
2021-03-17,20.4,0.00
2021-03-18,21.2,0.00
2021-03-19,21.9,0.00
2021-03-20,22.3,0.00
2021-03-21,22.0,0.00
2021-03-22,20.8,0.00
2021-03-23,20.5,0.00
2021-03-24,20.1,0.00
2021-03-25,20.4,0.00
2021-03-26,20.9,0.00
2021-03-27,22.0,0.00
2021-03-28,23.3,0.00
2021-03-29,23.1,0.00
2021-03-30,22.9,0.00
2021-03-31,23.5,0.00
2021-04-01,23.6,0.00
2021-04-02,21.7,0.00
2021-04-03,22.8,0.00
2021-04-04,22.3,1.10
2021-04-05,22.6,0.30
2021-04-06,22.2,0.00
2021-04-07,22.4,0.00
2021-04-08,23.4,0.00
2021-04-09,23.5,0.00
2021-04-10,23.0,0.00
2021-04-11,23.4,0.00
2021-04-12,23.5,0.00
2021-04-13,23.9,0.00
2021-04-14,24.4,0.00
2021-04-15,24.3,0.00
2021-04-16,24.0,0.00
2021-04-17,23.0,0.00
2021-04-18,22.4,0.00
2021-04-19,22.3,0.00
2021-04-20,22.1,0.00
2021-04-21,22.9,0.00
2021-04-22,23.0,0.00
2021-04-23,23.6,0.00
2021-04-24,23.9,0.00
2021-04-25,24.4,0.00
2021-04-26,24.7,0.00
2021-04-27,24.1,0.00
2021-04-28,24.0,0.00
2021-04-29,23.8,0.00
2021-04-30,23.5,0.00
2021-05-01,22.9,0.00
2021-05-02,22.1,0.00
2021-05-03,21.4,0.00
2021-05-04,21.5,0.00
2021-05-05,23.0,0.00
2021-05-06,24.3,0.20
2021-05-07,24.9,0.00
2021-05-08,23.2,0.10
2021-05-09,23.1,0.20
2021-05-10,23.7,0.00
2021-05-11,22.8,1.10
2021-05-12,24.1,0.00
2021-05-13,23.7,1.40
2021-05-14,22.8,0.00
2021-05-15,23.5,1.60
2021-05-16,23.8,0.00
2021-05-17,23.5,0.00
2021-05-18,23.4,0.00
2021-05-19,22.6,0.00
2021-05-20,22.4,0.00
2021-05-21,23.5,0.00
2021-05-22,24.2,0.00
2021-05-23,24.7,0.00
2021-05-24,24.4,0.00
2021-05-25,24.8,0.00
2021-05-26,25.5,0.00
2021-05-27,26.1,0.00
2021-05-28,25.9,0.00
2021-05-29,25.3,0.00
2021-05-30,25.7,0.00
2021-05-31,25.0,0.00
2021-06-01,24.7,0.20
2021-06-02,21.6,14.80
2021-06-03,20.1,2.40
2021-06-04,20.0,6.40
2021-06-05,21.5,0.00
2021-06-06,22.3,0.10
2021-06-07,24.1,0.00
2021-06-08,24.8,0.00
2021-06-09,24.6,0.00
2021-06-10,25.1,0.00
2021-06-11,24.6,0.00
2021-06-12,22.2,14.00
2021-06-13,19.4,10.40
2021-06-14,20.7,10.40
2021-06-15,22.8,1.70
2021-06-16,23.1,0.00
2021-06-17,22.4,0.00
2021-06-18,22.7,0.20
2021-06-19,18.4,32.70
2021-06-20,20.5,2.70
2021-06-21,21.3,1.20
2021-06-22,21.2,15.50
2021-06-23,19.8,14.10
2021-06-24,19.9,0.10
2021-06-25,20.0,4.20
2021-06-26,18.7,2.60
2021-06-27,17.2,14.20
2021-06-28,18.2,7.30
2021-06-29,18.9,3.40
2021-06-30,19.7,10.30
2021-07-01,19.9,25.70
2021-07-02,19.7,21.60
2021-07-03,19.7,5.90
2021-07-04,19.8,6.40
2021-07-05,20.5,0.40
2021-07-06,21.3,1.60
2021-07-07,20.7,0.70
2021-07-08,19.8,28.20
2021-07-09,19.8,12.70
2021-07-10,19.8,9.90
2021-07-11,19.5,7.10
2021-07-12,18.8,5.00
2021-07-13,19.3,14.30
2021-07-14,20.1,2.70
2021-07-15,20.1,2.70
2021-07-16,19.2,9.60
2021-07-17,19.8,7.50
2021-07-18,20.4,1.40
2021-07-19,19.8,1.80
2021-07-20,20.5,0.00
2021-07-21,20.4,3.40
2021-07-22,19.9,4.80
2021-07-23,20.6,4.50
2021-07-24,20.0,4.10
2021-07-25,20.4,6.10
2021-07-26,20.9,0.00
2021-07-27,21.2,0.10
2021-07-28,20.9,1.10
2021-07-29,20.5,4.80
2021-07-30,21.7,7.90
2021-07-31,21.0,8.60
2021-08-01,21.1,3.90
2021-08-02,20.5,5.70
2021-08-03,20.4,9.20
2021-08-04,19.7,8.00
2021-08-05,19.8,12.70
2021-08-06,19.6,6.10
2021-08-07,19.9,6.10
2021-08-08,19.6,11.60
2021-08-09,20.1,6.80
2021-08-10,19.7,8.70
2021-08-11,19.7,16.30
2021-08-12,19.4,6.60
2021-08-13,19.4,5.70
2021-08-14,19.9,1.80
2021-08-15,21.0,0.90
2021-08-16,20.1,9.70
2021-08-17,20.4,8.90
2021-08-18,20.6,1.00
2021-08-19,21.3,3.80
2021-08-20,21.6,3.00
2021-08-21,21.3,1.10
2021-08-22,21.1,3.70
2021-08-23,20.9,1.20
2021-08-24,20.9,1.80
2021-08-25,21.8,0.30
2021-08-26,21.4,0.10
2021-08-27,19.8,3.30
2021-08-28,18.0,36.50
2021-08-29,19.1,11.50
2021-08-30,19.5,1.20
2021-08-31,19.7,3.80
2021-09-01,19.4,7.30
2021-09-02,19.3,24.80
2021-09-03,18.7,11.60
2021-09-04,19.1,14.80
2021-09-05,19.2,22.40
2021-09-06,18.5,18.40
2021-09-07,18.8,14.60
2021-09-08,19.2,3.50
2021-09-09,20.1,2.50
2021-09-10,20.4,0.00
2021-09-11,20.2,0.20
2021-09-12,20.1,0.00
2021-09-13,19.8,4.70
2021-09-14,19.2,8.30
2021-09-15,19.6,3.00
2021-09-16,19.9,6.50
2021-09-17,19.3,15.10
2021-09-18,19.7,11.50
2021-09-19,19.1,7.20
2021-09-20,19.6,2.30
2021-09-21,19.6,10.40
2021-09-22,20.5,0.30
2021-09-23,19.7,0.00
2021-09-24,20.5,1.00
2021-09-25,20.2,1.40
2021-09-26,20.0,2.80
2021-09-27,19.2,8.30
2021-09-28,18.8,5.90
2021-09-29,18.9,1.10
2021-09-30,18.9,3.60
2021-10-01,19.3,3.70
2021-10-02,19.2,2.00
2021-10-03,19.3,3.70
2021-10-04,18.8,7.70
2021-10-05,19.7,2.30
2021-10-06,19.6,1.40
2021-10-07,20.2,0.00
2021-10-08,20.1,0.00
2021-10-09,19.7,0.00
2021-10-10,20.2,6.10
2021-10-11,20.2,0.00
2021-10-12,19.6,0.00
2021-10-13,19.1,0.30
2021-10-14,19.1,0.00
2021-10-15,20.2,0.00
2021-10-16,21.0,0.10
2021-10-17,19.4,0.00
2021-10-18,19.3,0.20
2021-10-19,19.5,0.00
2021-10-20,20.3,0.00
2021-10-21,21.4,0.00
2021-10-22,20.9,0.00
2021-10-23,20.0,0.00
2021-10-24,19.9,0.00
2021-10-25,18.1,1.20
2021-10-26,19.1,0.10
2021-10-27,19.4,0.00
2021-10-28,20.4,0.00
2021-10-29,19.2,0.00
2021-10-30,18.9,0.20
2021-10-31,17.8,0.00
2021-11-01,18.8,0.00
2021-11-02,19.6,0.00
2021-11-03,19.1,0.00
2021-11-04,18.5,0.00
2021-11-05,18.3,0.00
2021-11-06,19.4,0.00
2021-11-07,18.0,0.00
2021-11-08,17.8,0.00
2021-11-09,17.9,0.00
2021-11-10,17.7,0.00
2021-11-11,18.4,0.00
2021-11-12,18.4,0.00
2021-11-13,17.4,0.00
2021-11-14,16.5,0.00
2021-11-15,17.5,0.00
2021-11-16,16.3,0.00
2021-11-17,16.7,0.00
2021-11-18,17.1,0.00
2021-11-19,17.4,0.00
2021-11-20,17.3,0.00
2021-11-21,18.3,0.00
2021-11-22,18.9,0.00
2021-11-23,18.0,0.00
2021-11-24,18.2,0.00
2021-11-25,16.6,0.00
2021-11-26,17.4,0.00
2021-11-27,17.3,0.10
2021-11-28,17.4,0.00
2021-11-29,17.3,0.00
2021-11-30,17.6,0.00
2021-12-01,17.8,0.00
2021-12-02,18.8,0.00
2021-12-03,17.8,0.00
2021-12-04,17.8,0.00
2021-12-05,17.6,0.00
2021-12-06,17.7,0.00
2021-12-07,17.5,0.00
2021-12-08,17.6,0.00
2021-12-09,17.6,0.00
2021-12-10,17.2,0.00
2021-12-11,17.3,0.00
2021-12-12,17.3,0.00
2021-12-13,18.1,0.00
2021-12-14,17.6,0.00
2021-12-15,17.7,0.00
2021-12-16,18.3,0.00
2021-12-17,17.6,0.00
2021-12-18,17.3,0.20
2021-12-19,16.2,3.20
2021-12-20,15.9,0.00
2021-12-21,15.8,0.00
2021-12-22,16.1,0.00
2021-12-23,16.8,0.00
2021-12-24,17.8,0.00
2021-12-25,17.6,0.00
2021-12-26,18.5,0.00
2021-12-27,17.6,0.00
2021-12-28,17.1,0.00
2021-12-29,16.4,0.00
2021-12-30,16.6,0.00
2021-12-31,17.4,0.00
2022-01-01,16.4,0.00
2022-01-02,17.9,0.00
2022-01-03,16.3,0.00
2022-01-04,18.3,0.00
2022-01-05,18.4,0.00
2022-01-06,18.3,0.00
2022-01-07,18.4,0.00
2022-01-08,18.0,0.00
2022-01-09,18.2,0.00
2022-01-10,17.5,0.00
2022-01-11,17.6,0.00
2022-01-12,17.1,0.00
2022-01-13,18.3,0.00
2022-01-14,17.5,0.00
2022-01-15,18.0,0.00
2022-01-16,16.8,0.00
2022-01-17,17.1,0.00
2022-01-18,17.2,0.00
2022-01-19,17.2,0.00
2022-01-20,17.9,0.00
2022-01-21,16.2,0.20
2022-01-22,16.8,0.40
2022-01-23,17.2,0.00
2022-01-24,16.1,0.00
2022-01-25,17.0,0.00
2022-01-26,17.0,0.00
2022-01-27,18.7,0.00
2022-01-28,19.1,0.00
2022-01-29,17.2,0.00
2022-01-30,18.0,0.00
2022-01-31,17.8,0.00
2022-02-01,17.3,0.00
2022-02-02,17.4,0.00
2022-02-03,16.7,0.00
2022-02-04,17.0,0.10
2022-02-05,16.9,0.00
2022-02-06,18.1,0.00
2022-02-07,17.0,0.00
2022-02-08,15.2,0.00
2022-02-09,16.2,0.00
2022-02-10,15.9,0.00
2022-02-11,15.3,0.00
2022-02-12,15.6,0.00
2022-02-13,16.0,0.00
2022-02-14,16.6,1.50
2022-02-15,18.4,0.00
2022-02-16,18.9,0.00
2022-02-17,18.8,0.00
2022-02-18,20.2,0.00
2022-02-19,20.2,0.00
2022-02-20,20.0,0.10
2022-02-21,19.9,0.00
2022-02-22,20.0,0.00
2022-02-23,20.8,0.00
2022-02-24,20.8,0.00
2022-02-25,21.0,0.00
2022-02-26,21.8,0.00
2022-02-27,21.4,0.00
2022-02-28,21.0,0.00
2022-03-01,20.7,0.00
2022-03-02,20.8,0.00
2022-03-03,20.9,0.00
2022-03-04,20.6,0.00
2022-03-05,20.4,0.00
2022-03-06,20.4,0.00
2022-03-07,20.7,0.00
2022-03-08,20.1,0.00
2022-03-09,19.4,0.00
2022-03-10,19.2,0.00
2022-03-11,19.5,0.00
2022-03-12,19.8,0.00
2022-03-13,20.2,0.00
2022-03-14,20.9,0.00
2022-03-15,21.7,0.00
2022-03-16,22.1,0.00
2022-03-17,21.0,0.00
2022-03-18,20.2,0.00
2022-03-19,20.8,0.00
2022-03-20,21.9,0.00
2022-03-21,21.6,0.00
2022-03-22,20.7,0.00
2022-03-23,20.0,0.00
2022-03-24,19.1,0.00
2022-03-25,19.7,0.00
2022-03-26,20.8,0.00
2022-03-27,21.7,0.00
2022-03-28,22.3,0.00
2022-03-29,22.8,0.00
2022-03-30,21.4,0.00
2022-03-31,21.7,0.00
2022-04-01,22.1,0.00
2022-04-02,22.7,0.00
2022-04-03,23.0,0.00
2022-04-04,23.3,0.00
2022-04-05,22.0,0.00
2022-04-06,22.5,0.00
2022-04-07,23.3,0.00
2022-04-08,22.9,0.00
2022-04-09,22.0,1.90
2022-04-10,22.0,0.20
2022-04-11,21.8,0.00
2022-04-12,21.7,1.00
2022-04-13,23.1,0.00
2022-04-14,23.7,0.00
2022-04-15,24.4,0.00
2022-04-16,24.8,0.00
2022-04-17,25.6,0.00
2022-04-18,25.7,0.00
2022-04-19,24.8,0.00
2022-04-20,25.0,0.00
2022-04-21,24.5,0.00
2022-04-22,23.9,0.00
2022-04-23,23.8,0.00
2022-04-24,23.5,0.00
2022-04-25,23.4,0.00
2022-04-26,22.6,0.00
2022-04-27,22.7,0.00
2022-04-28,23.7,0.00
2022-04-29,23.5,0.00
2022-04-30,23.1,0.00
2022-05-01,23.9,0.00
2022-05-02,23.9,0.00
2022-05-03,23.9,0.00
2022-05-04,25.0,0.00
2022-05-05,25.5,0.00
2022-05-06,25.8,0.00
2022-05-07,25.6,0.00
2022-05-08,25.7,0.00
2022-05-09,25.6,0.00
2022-05-10,26.6,0.00
2022-05-11,26.5,0.00
2022-05-12,26.2,0.00
2022-05-13,25.4,0.00
2022-05-14,24.7,13.20
2022-05-15,24.3,0.00
2022-05-16,24.2,0.00
2022-05-17,24.5,0.40
2022-05-18,24.6,0.00
2022-05-19,24.6,0.00
2022-05-20,23.6,0.00
2022-05-21,24.8,0.00
2022-05-22,25.7,0.00
2022-05-23,25.6,0.00
2022-05-24,24.3,0.00
2022-05-25,24.4,0.00
2022-05-26,25.5,0.00
2022-05-27,26.6,0.00
2022-05-28,25.2,0.00
2022-05-29,24.4,0.40
2022-05-30,24.3,0.00
2022-05-31,25.0,0.10
2022-06-01,24.5,0.00
2022-06-02,24.5,0.00
2022-06-03,22.9,0.70
2022-06-04,22.5,2.40
2022-06-05,22.7,1.70
2022-06-06,22.8,4.40
2022-06-07,24.1,0.00
2022-06-08,23.9,0.00
2022-06-09,23.0,5.10
2022-06-10,21.4,10.00
2022-06-11,22.3,2.20
2022-06-12,22.0,10.80
2022-06-13,20.5,6.90
2022-06-14,21.6,2.80
2022-06-15,21.7,9.60
2022-06-16,20.9,15.50
2022-06-17,20.5,1.00
2022-06-18,20.7,1.00
2022-06-19,21.4,1.60
2022-06-20,22.1,0.60
2022-06-21,22.4,4.00
2022-06-22,20.9,4.90
2022-06-23,20.6,1.20
2022-06-24,19.2,2.30
2022-06-25,19.3,0.00
2022-06-26,19.9,4.70
2022-06-27,22.3,0.00
2022-06-28,20.6,18.50
2022-06-29,20.5,11.50
2022-06-30,20.2,12.40
2022-07-01,20.5,0.80
2022-07-02,20.4,1.40
2022-07-03,20.8,1.00
2022-07-04,21.6,0.00
2022-07-05,20.7,7.60
2022-07-06,20.8,2.10
2022-07-07,20.3,13.20
2022-07-08,19.5,7.20
2022-07-09,20.7,0.70
2022-07-10,21.1,0.60
2022-07-11,20.6,4.20
2022-07-12,21.5,4.90
2022-07-13,21.4,4.00
2022-07-14,21.2,0.90
2022-07-15,20.9,10.20
2022-07-16,20.1,13.50
2022-07-17,20.0,14.20
2022-07-18,19.4,1.60
2022-07-19,21.2,0.00
2022-07-20,21.9,0.00
2022-07-21,22.4,0.00
2022-07-22,20.9,4.20
2022-07-23,19.5,9.50
2022-07-24,19.2,2.80
2022-07-25,19.5,5.20
2022-07-26,19.5,9.00
2022-07-27,19.2,34.60
2022-07-28,18.9,1.60
2022-07-29,19.0,11.40
2022-07-30,19.3,5.50
2022-07-31,19.2,5.90
2022-08-01,19.6,0.10
2022-08-02,19.9,9.90
2022-08-03,19.4,3.90
2022-08-04,20.4,5.50
2022-08-05,19.5,5.70
2022-08-06,19.2,3.70
2022-08-07,19.4,2.40
2022-08-08,20.2,0.40
2022-08-09,19.6,4.10
2022-08-10,19.0,7.20
2022-08-11,20.4,0.00
2022-08-12,20.5,0.00
2022-08-13,20.2,2.00
2022-08-14,19.5,23.60
2022-08-15,19.3,22.80
2022-08-16,18.9,17.90
2022-08-17,18.5,10.50
2022-08-18,19.3,3.50
2022-08-19,19.0,5.10
2022-08-20,18.8,8.30
2022-08-21,19.5,3.40
2022-08-22,20.0,0.90
2022-08-23,20.1,10.20
2022-08-24,20.4,1.30
2022-08-25,20.7,0.70
2022-08-26,20.6,0.10
2022-08-27,20.2,0.20
2022-08-28,20.6,8.10
2022-08-29,19.8,10.70
2022-08-30,19.9,6.60
2022-08-31,20.3,7.00
2022-09-01,20.0,12.00
2022-09-02,20.3,4.40
2022-09-03,21.3,2.90
2022-09-04,21.6,4.90
2022-09-05,19.6,3.10
2022-09-06,20.3,0.80
2022-09-07,20.6,0.10
2022-09-08,20.6,5.10
2022-09-09,19.7,12.80
2022-09-10,19.9,14.40
2022-09-11,20.5,0.60
2022-09-12,20.2,0.00
2022-09-13,20.4,0.00
2022-09-14,21.1,0.00
2022-09-15,21.3,0.00
2022-09-16,20.9,0.70
2022-09-17,20.3,7.00
2022-09-18,19.9,1.10
2022-09-19,19.8,8.80
2022-09-20,19.6,6.20
2022-09-21,19.7,0.20
2022-09-22,20.5,0.00
2022-09-23,19.7,0.80
2022-09-24,20.4,0.00
2022-09-25,22.1,0.00
2022-09-26,21.8,0.10
2022-09-27,20.8,0.30
2022-09-28,20.8,0.00
2022-09-29,20.8,0.00
2022-09-30,20.0,0.00
2022-10-01,20.4,0.00
2022-10-02,20.6,0.40
2022-10-03,18.3,4.00
2022-10-04,19.6,1.90
2022-10-05,19.1,4.60
2022-10-06,18.6,1.60
2022-10-07,18.2,11.90
2022-10-08,19.3,0.00
2022-10-09,19.9,0.00
2022-10-10,19.8,0.00
2022-10-11,20.5,0.00
2022-10-12,21.9,0.00
2022-10-13,21.7,0.00
2022-10-14,22.1,0.00
2022-10-15,22.7,0.00
2022-10-16,22.0,0.00
2022-10-17,20.7,1.90
2022-10-18,20.1,0.00
2022-10-19,20.9,1.80
2022-10-20,20.7,0.00
2022-10-21,20.8,0.00
2022-10-22,21.5,0.20
2022-10-23,20.0,0.70
2022-10-24,20.8,0.00
2022-10-25,21.0,0.00
2022-10-26,21.6,0.00
2022-10-27,21.4,0.00
2022-10-28,21.6,0.00
2022-10-29,20.6,0.00
2022-10-30,20.6,0.00
2022-10-31,20.2,0.00
2022-11-01,20.0,0.00
2022-11-02,20.3,0.00
2022-11-03,21.4,0.00
2022-11-04,20.6,0.00
2022-11-05,19.8,0.00
2022-11-06,20.0,0.00
2022-11-07,20.9,0.00
2022-11-08,20.1,0.00
2022-11-09,19.6,0.00
2022-11-10,19.7,0.00
2022-11-11,18.9,0.00
2022-11-12,19.1,0.00
2022-11-13,19.7,0.00
2022-11-14,18.8,0.00
2022-11-15,19.1,0.00
2022-11-16,19.6,0.00
2022-11-17,19.8,0.20
2022-11-18,19.4,0.00
2022-11-19,18.4,1.50
2022-11-20,17.6,3.80
2022-11-21,16.5,8.20
2022-11-22,16.8,1.10
2022-11-23,18.6,0.20
2022-11-24,18.2,0.00
2022-11-25,18.3,0.20
2022-11-26,18.5,0.00
2022-11-27,18.6,0.10
2022-11-28,19.1,0.00
2022-11-29,18.9,0.00
2022-11-30,20.0,0.00
2022-12-01,20.2,0.00
2022-12-02,20.0,0.00
2022-12-03,19.8,0.00
2022-12-04,19.8,0.00
2022-12-05,18.9,0.00
2022-12-06,19.7,0.00
2022-12-07,19.7,0.00
2022-12-08,19.2,0.00
2022-12-09,18.0,0.00
2022-12-10,18.4,0.00
2022-12-11,18.2,0.00
2022-12-12,17.8,0.00
2022-12-13,16.9,0.00
2022-12-14,15.8,0.00
2022-12-15,15.7,0.00
2022-12-16,15.8,0.00
2022-12-17,16.6,0.00
2022-12-18,17.1,0.00
2022-12-19,16.4,0.00
2022-12-20,17.0,0.00
2022-12-21,16.0,0.00
2022-12-22,17.1,0.00
2022-12-23,16.7,0.00
2022-12-24,18.0,0.10
2022-12-25,16.2,0.00
2022-12-26,14.9,0.00
2022-12-27,15.2,0.00
2022-12-28,16.0,0.10
2022-12-29,14.9,0.00
2022-12-30,14.8,0.50
2022-12-31,15.2,0.70
2023-01-01,16.4,0.20
2023-01-02,15.3,0.00
2023-01-03,15.9,0.00
2023-01-04,16.3,0.00
2023-01-05,17.7,0.00
2023-01-06,17.2,0.00
2023-01-07,17.0,0.00
2023-01-08,17.4,0.00
2023-01-09,16.7,0.00
2023-01-10,16.5,0.00
2023-01-11,17.6,0.00
2023-01-12,18.0,0.00
2023-01-13,16.4,0.00
2023-01-14,15.7,0.00
2023-01-15,16.5,0.00
2023-01-16,15.7,0.00
2023-01-17,16.6,0.00
2023-01-18,16.3,0.00
2023-01-19,17.6,0.00
2023-01-20,17.8,0.00
2023-01-21,17.3,0.00
2023-01-22,16.8,0.00
2023-01-23,17.0,0.00
2023-01-24,16.8,0.00
2023-01-25,16.3,0.00
2023-01-26,17.2,0.00
2023-01-27,17.4,0.00
2023-01-28,16.5,0.00
2023-01-29,18.2,0.00
2023-01-30,19.2,0.00
2023-01-31,19.3,0.00
2023-02-01,18.8,0.00
2023-02-02,18.2,0.00
2023-02-03,17.5,0.00
2023-02-04,16.6,0.00
2023-02-05,19.2,0.00
2023-02-06,19.3,0.00
2023-02-07,19.1,0.00
2023-02-08,19.0,0.00
2023-02-09,18.7,0.00
2023-02-10,19.0,0.00
2023-02-11,17.9,0.00
2023-02-12,18.5,0.00
2023-02-13,18.8,0.00
2023-02-14,17.7,0.00
2023-02-15,18.3,0.00
2023-02-16,18.5,0.00
2023-02-17,20.4,0.00
2023-02-18,19.4,0.00
2023-02-19,20.2,0.00
2023-02-20,19.8,0.00
2023-02-21,19.6,0.00
2023-02-22,18.5,0.00
2023-02-23,18.2,0.00
2023-02-24,20.2,0.00
2023-02-25,20.1,0.00
2023-02-26,20.2,0.00
2023-02-27,20.5,0.00
2023-02-28,21.4,0.00
2023-03-01,21.5,0.00
2023-03-02,20.1,0.00
2023-03-03,20.1,0.00
2023-03-04,20.0,0.00
2023-03-05,21.3,0.00
2023-03-06,22.0,0.00
2023-03-07,22.1,0.00
2023-03-08,21.7,0.00
2023-03-09,21.3,0.00
2023-03-10,22.0,0.00
2023-03-11,21.5,0.00
2023-03-12,21.3,0.00
2023-03-13,21.6,0.10
2023-03-14,20.8,0.10
2023-03-15,19.9,2.50
2023-03-16,20.6,0.00
2023-03-17,19.9,0.00
2023-03-18,19.8,0.00
2023-03-19,18.9,0.00
2023-03-20,19.1,0.00
2023-03-21,19.9,0.00
2023-03-22,21.6,0.00
2023-03-23,22.7,0.00
2023-03-24,22.3,0.00
2023-03-25,22.0,0.00
2023-03-26,22.3,0.00
2023-03-27,23.0,0.00
2023-03-28,23.3,0.00
2023-03-29,22.6,0.00
2023-03-30,22.6,0.00
2023-03-31,22.9,0.00
2023-04-01,23.6,0.00
2023-04-02,24.1,0.00
2023-04-03,23.9,0.00
2023-04-04,22.8,0.00
2023-04-05,23.2,0.00
2023-04-06,22.3,0.00
2023-04-07,22.0,0.00
2023-04-08,22.5,0.00
2023-04-09,22.7,0.00
2023-04-10,23.2,0.00
2023-04-11,22.9,0.00
2023-04-12,22.5,0.00
2023-04-13,22.2,0.00
2023-04-14,21.8,0.00
2023-04-15,21.5,0.00
2023-04-16,22.9,0.00
2023-04-17,23.1,0.00
2023-04-18,22.8,0.00
2023-04-19,24.1,0.00
2023-04-20,24.2,0.00
2023-04-21,24.5,0.00
2023-04-22,24.5,0.00
2023-04-23,24.1,0.00
2023-04-24,23.4,0.00
2023-04-25,22.7,0.00
2023-04-26,22.8,0.00
2023-04-27,23.7,0.00
2023-04-28,22.8,0.00
2023-04-29,21.9,0.00
2023-04-30,22.8,0.00
2023-05-01,22.4,0.00
2023-05-02,23.1,0.00
2023-05-03,23.7,0.00
2023-05-04,24.7,0.00
2023-05-05,25.4,0.00
2023-05-06,26.2,0.00
2023-05-07,25.9,0.00
2023-05-08,25.7,0.00
2023-05-09,25.2,0.00
2023-05-10,24.6,0.00
2023-05-11,24.2,0.00
2023-05-12,23.4,0.00
2023-05-13,23.8,0.00
2023-05-14,23.1,0.70
2023-05-15,23.9,0.00
2023-05-16,23.6,0.00
2023-05-17,23.7,0.00
2023-05-18,23.7,1.40
2023-05-19,23.5,0.10
2023-05-20,20.9,0.60
2023-05-21,23.1,0.00
2023-05-22,24.5,0.00
2023-05-23,24.6,0.00
2023-05-24,24.6,0.00
2023-05-25,24.0,0.00
2023-05-26,24.7,0.00
2023-05-27,24.8,0.00
2023-05-28,24.7,0.00
2023-05-29,23.9,0.00
2023-05-30,24.0,0.00
2023-05-31,24.8,0.00
2023-06-01,25.5,0.00
2023-06-02,26.2,0.00
2023-06-03,26.4,0.00
2023-06-04,26.1,0.00
2023-06-05,25.3,0.00
2023-06-06,24.6,0.00
2023-06-07,24.9,0.00
2023-06-08,24.6,0.00
2023-06-09,25.4,0.00
2023-06-10,26.5,0.00
2023-06-11,26.2,0.00
2023-06-12,26.5,0.00
2023-06-13,28.0,0.00
2023-06-14,27.6,0.00
2023-06-15,27.5,0.00
2023-06-16,27.1,0.00
2023-06-17,25.6,1.60
2023-06-18,27.2,0.00
2023-06-19,27.4,0.00
2023-06-20,27.4,0.00
2023-06-21,27.9,0.00
2023-06-22,28.0,0.00
2023-06-23,28.0,0.00
2023-06-24,27.2,0.40
2023-06-25,26.6,0.10
2023-06-26,25.7,14.90
2023-06-27,23.8,1.00
2023-06-28,23.2,0.10
2023-06-29,22.2,6.90
2023-06-30,21.8,5.50
2023-07-01,21.0,1.20
2023-07-02,20.9,8.30
2023-07-03,20.4,9.70
2023-07-04,20.7,1.30
2023-07-05,21.6,10.90
2023-07-06,22.5,0.20
2023-07-07,22.2,1.70
2023-07-08,21.9,0.50
2023-07-09,22.5,0.40
2023-07-10,22.7,0.20
2023-07-11,21.5,3.20
2023-07-12,22.4,0.20
2023-07-13,23.0,1.60
2023-07-14,23.3,0.10
2023-07-15,23.5,0.00
2023-07-16,24.7,0.00
2023-07-17,24.9,0.00
2023-07-18,23.9,0.70
2023-07-19,23.4,0.80
2023-07-20,24.3,0.00
2023-07-21,24.0,0.80
2023-07-22,23.9,0.00
2023-07-23,22.8,1.90
2023-07-24,23.3,3.10
2023-07-25,20.8,6.20
2023-07-26,20.3,2.90
2023-07-27,20.8,0.20
2023-07-28,20.2,5.50
2023-07-29,20.7,0.20
2023-07-30,22.3,0.40
2023-07-31,22.6,0.00
2023-08-01,22.3,0.00
2023-08-02,23.2,0.10
2023-08-03,22.8,2.50
2023-08-04,22.0,10.00
2023-08-05,20.8,3.40
2023-08-06,20.7,18.00
2023-08-07,22.0,0.10
2023-08-08,22.7,2.00
2023-08-09,21.4,6.20
2023-08-10,21.6,0.40
2023-08-11,21.1,2.00
2023-08-12,22.4,0.10
2023-08-13,23.3,0.00
2023-08-14,23.5,0.20
2023-08-15,23.9,0.00
2023-08-16,24.1,0.00
2023-08-17,21.5,1.60
2023-08-18,21.5,14.60
2023-08-19,20.8,16.30
2023-08-20,19.4,19.50
2023-08-21,19.6,5.10
2023-08-22,21.1,0.10
2023-08-23,22.2,0.20
2023-08-24,20.8,1.70
2023-08-25,20.9,0.10
2023-08-26,21.4,0.70
2023-08-27,21.2,0.50
2023-08-28,20.7,9.70
2023-08-29,21.1,0.50
2023-08-30,20.5,3.60
2023-08-31,20.8,1.00
2023-09-01,20.3,6.30
2023-09-02,21.1,1.90
2023-09-03,21.7,0.00
2023-09-04,20.7,2.70
2023-09-05,21.4,0.00
2023-09-06,21.7,0.60
2023-09-07,19.9,2.70
2023-09-08,21.2,4.60
2023-09-09,21.4,0.00
2023-09-10,21.9,0.00
2023-09-11,21.9,0.00
2023-09-12,21.9,0.00
2023-09-13,22.4,0.00
2023-09-14,22.8,0.00
2023-09-15,23.5,0.00
2023-09-16,22.9,4.50
2023-09-17,21.4,1.30
2023-09-18,21.5,0.20
2023-09-19,22.1,0.10
2023-09-20,22.2,0.00
2023-09-21,23.0,0.20
2023-09-22,23.6,0.00
2023-09-23,24.6,0.00
2023-09-24,25.0,0.30
2023-09-25,24.9,0.90
2023-09-26,24.2,0.00
2023-09-27,23.8,0.00
2023-09-28,23.0,0.20
2023-09-29,22.9,0.30
2023-09-30,22.3,0.50
2023-10-01,22.7,0.10
2023-10-02,22.3,0.10
2023-10-03,22.4,10.10
2023-10-04,21.1,2.60
2023-10-05,21.9,0.00
2023-10-06,23.1,0.20
2023-10-07,21.0,12.80
2023-10-08,20.1,0.00
2023-10-09,19.3,0.00
2023-10-10,18.5,24.70
2023-10-11,19.5,3.80
2023-10-12,19.0,1.00
2023-10-13,19.6,0.10
2023-10-14,20.7,0.00
2023-10-15,20.5,6.00
2023-10-16,19.9,0.10
2023-10-17,19.0,0.00
2023-10-18,18.3,0.00
2023-10-19,17.4,1.60
2023-10-20,19.7,0.00
2023-10-21,19.7,7.10
2023-10-22,19.5,0.00
2023-10-23,18.7,0.00
2023-10-24,18.9,0.20
2023-10-25,20.0,0.00
2023-10-26,21.3,0.30
2023-10-27,20.7,0.30
2023-10-28,20.4,0.00
2023-10-29,20.5,0.10
2023-10-30,19.9,0.10
2023-10-31,19.3,10.70
2023-11-01,19.3,0.00
2023-11-02,19.2,0.00
2023-11-03,20.8,0.00
2023-11-04,20.0,0.00
2023-11-05,19.7,0.00
2023-11-06,19.4,0.00
2023-11-07,21.7,0.00
2023-11-08,21.6,0.00
2023-11-09,20.5,2.00
2023-11-10,20.0,11.10
2023-11-11,19.6,2.00
2023-11-12,19.3,0.60
2023-11-13,19.7,0.00
2023-11-14,20.7,0.00
2023-11-15,20.5,0.00
2023-11-16,20.9,0.00
2023-11-17,21.4,0.00
2023-11-18,21.8,0.00
2023-11-19,20.8,0.00
2023-11-20,21.0,0.00
2023-11-21,20.2,0.00
2023-11-22,16.7,15.70
2023-11-23,17.4,1.50
2023-11-24,15.5,0.00
2023-11-25,16.6,0.00
2023-11-26,17.4,0.00
2023-11-27,17.9,0.80
2023-11-28,19.0,0.00
2023-11-29,18.0,7.20
2023-11-30,18.1,0.90
2023-12-01,17.3,0.00
2023-12-02,17.9,1.20
2023-12-03,16.4,3.80
2023-12-04,14.3,13.70
2023-12-05,15.1,5.60
2023-12-06,15.8,11.50
2023-12-07,15.4,14.40
2023-12-08,15.6,0.20
2023-12-09,17.2,0.10
2023-12-10,17.6,0.30
2023-12-11,15.4,5.10
2023-12-12,14.2,0.00
2023-12-13,15.2,0.00
2023-12-14,16.6,0.00
2023-12-15,17.8,0.00
2023-12-16,16.5,0.00
2023-12-17,15.9,0.00
2023-12-18,15.7,0.00
2023-12-19,15.9,0.00
2023-12-20,16.6,0.00
2023-12-21,17.6,0.00
2023-12-22,16.2,0.70
2023-12-23,15.8,1.30
2023-12-24,15.3,0.00
2023-12-25,15.5,0.10
2023-12-26,14.8,0.40
2023-12-27,14.3,0.00
2023-12-28,13.7,0.00
2023-12-29,13.7,0.00
2023-12-30,13.3,0.00
2023-12-31,15.6,0.00
2024-01-01,15.6,0.00
2024-01-02,16.1,0.00
2024-01-03,15.9,0.00
2024-01-04,15.7,0.00
2024-01-05,15.1,0.00
2024-01-06,15.3,0.00
2024-01-07,15.5,0.10
2024-01-08,16.2,0.30
2024-01-09,15.6,0.00
2024-01-10,16.2,0.00
2024-01-11,15.9,0.00
2024-01-12,16.2,0.00
2024-01-13,18.1,0.00
2024-01-14,18.0,0.00
2024-01-15,17.8,0.00
2024-01-16,18.2,0.00
2024-01-17,18.9,0.00
2024-01-18,19.8,0.00
2024-01-19,20.3,0.00
2024-01-20,18.7,1.00
2024-01-21,18.5,0.00
2024-01-22,18.6,0.10
2024-01-23,17.9,0.00
2024-01-24,17.3,0.00
2024-01-25,18.9,0.00
2024-01-26,18.9,0.00
2024-01-27,18.5,0.00
2024-01-28,18.6,0.00
2024-01-29,18.6,0.00
2024-01-30,18.9,0.40
2024-01-31,19.3,0.40
